Instance,scenario,monitor,n_days,false_rate,detect_rate,mean_delay
CON3-0,none,tempo2,25,0.0,,
CON3-0,none,tempo1,25,0.0,,
CON3-0,none,tempo_flat,25,0.0,,
CON3-0,none,cusum_cal,25,0.04,,
CON3-0,none,cusum_match,25,0.04,,
CON3-0,none,ph_cal,25,0.04,,
CON3-0,none,ph_match,25,0.04,,
CON3-0,none,bonferroni,25,0.04,,
CON3-0,none,periodic,25,1.0,,
CON3-0,traffic,tempo2,25,0.0,1.0,23.12
CON3-0,traffic,tempo1,25,0.0,0.52,36.07692307692308
CON3-0,traffic,tempo_flat,25,0.0,0.56,29.428571428571427
CON3-0,traffic,cusum_cal,25,0.0,1.0,26.8
CON3-0,traffic,cusum_match,25,0.0,0.96,56.041666666666664
CON3-0,traffic,ph_cal,25,0.0,0.76,37.421052631578945
CON3-0,traffic,ph_match,25,0.0,0.08,61.0
CON3-0,traffic,bonferroni,25,0.0,1.0,25.2
CON3-0,traffic,periodic,25,0.0,1.0,34.0
CON3-0,demand,tempo2,25,0.0,0.8,48.2
CON3-0,demand,tempo1,25,0.0,0.08,49.0
CON3-0,demand,tempo_flat,25,0.0,0.16,39.5
CON3-0,demand,cusum_cal,25,0.0,0.8,50.45
CON3-0,demand,cusum_match,25,0.0,0.08,49.0
CON3-0,demand,ph_cal,25,0.0,0.4,42.2
CON3-0,demand,ph_match,25,0.0,0.08,49.0
CON3-0,demand,bonferroni,25,0.0,0.84,44.333333333333336
CON3-0,demand,periodic,25,0.0,1.0,31.0
CON3-0,accident,tempo2,25,0.0,0.2,45.2
CON3-0,accident,tempo1,25,0.0,0.28,35.0
CON3-0,accident,tempo_flat,25,0.0,0.12,18.0
CON3-0,accident,cusum_cal,25,0.0,0.8,37.8
CON3-0,accident,cusum_match,25,0.0,0.28,56.57142857142857
CON3-0,accident,ph_cal,25,0.0,0.48,33.0
CON3-0,accident,ph_match,25,0.0,0.08,40.0
CON3-0,accident,bonferroni,25,0.0,0.64,39.125
CON3-0,accident,periodic,25,0.0,1.0,32.12
CON3-0,dwell,tempo2,25,0.04,0.96,7.708333333333333
CON3-0,dwell,tempo1,25,0.04,0.96,13.458333333333334
CON3-0,dwell,tempo_flat,25,0.04,0.96,13.625
CON3-0,dwell,cusum_cal,25,0.04,0.96,11.666666666666666
CON3-0,dwell,cusum_match,25,0.04,0.96,28.333333333333332
CON3-0,dwell,ph_cal,25,0.04,0.96,17.208333333333332
CON3-0,dwell,ph_match,25,0.04,0.8,50.05
CON3-0,dwell,bonferroni,25,0.04,0.96,11.666666666666666
CON3-0,dwell,periodic,25,0.04,0.96,30.0
CON3-0,breakdown,tempo2,25,0.0,0.68,27.647058823529413
CON3-0,breakdown,tempo1,25,0.0,0.68,27.647058823529413
CON3-0,breakdown,tempo_flat,25,0.0,0.68,27.647058823529413
CON3-0,breakdown,cusum_cal,25,0.0,0.68,27.647058823529413
CON3-0,breakdown,cusum_match,25,0.0,0.68,27.647058823529413
CON3-0,breakdown,ph_cal,25,0.0,0.68,27.647058823529413
CON3-0,breakdown,ph_match,25,0.0,0.68,27.647058823529413
CON3-0,breakdown,bonferroni,25,0.0,0.68,27.647058823529413
CON3-0,breakdown,periodic,25,0.0,1.0,22.44
CON3-1,none,tempo2,25,0.0,,
CON3-1,none,tempo1,25,0.0,,
CON3-1,none,tempo_flat,25,0.0,,
CON3-1,none,cusum_cal,25,0.0,,
CON3-1,none,cusum_match,25,0.0,,
CON3-1,none,ph_cal,25,0.04,,
CON3-1,none,ph_match,25,0.0,,
CON3-1,none,bonferroni,25,0.0,,
CON3-1,none,periodic,25,1.0,,
CON3-1,traffic,tempo2,25,0.0,1.0,20.48
CON3-1,traffic,tempo1,25,0.0,0.52,39.07692307692308
CON3-1,traffic,tempo_flat,25,0.0,0.72,49.611111111111114
CON3-1,traffic,cusum_cal,25,0.0,1.0,37.6
CON3-1,traffic,cusum_match,25,0.0,0.88,75.68181818181819
CON3-1,traffic,ph_cal,25,0.0,0.68,45.529411764705884
CON3-1,traffic,ph_match,25,0.0,0.16,72.75
CON3-1,traffic,bonferroni,25,0.0,1.0,25.2
CON3-1,traffic,periodic,25,0.0,1.0,34.0
CON3-1,demand,tempo2,25,0.0,0.84,51.095238095238095
CON3-1,demand,tempo1,25,0.0,0.12,22.333333333333332
CON3-1,demand,tempo_flat,25,0.0,0.24,35.5
CON3-1,demand,cusum_cal,25,0.0,0.6,61.13333333333333
CON3-1,demand,cusum_match,25,0.0,0.12,22.333333333333332
CON3-1,demand,ph_cal,25,0.0,0.32,44.125
CON3-1,demand,ph_match,25,0.0,0.12,22.333333333333332
CON3-1,demand,bonferroni,25,0.0,1.0,45.16
CON3-1,demand,periodic,25,0.0,1.0,29.96
CON3-1,accident,tempo2,25,0.0,0.36,52.22222222222222
CON3-1,accident,tempo1,25,0.0,0.28,42.857142857142854
CON3-1,accident,tempo_flat,25,0.0,0.2,44.0
CON3-1,accident,cusum_cal,25,0.0,0.48,50.0
CON3-1,accident,cusum_match,25,0.0,0.2,72.0
CON3-1,accident,ph_cal,25,0.0,0.52,50.53846153846154
CON3-1,accident,ph_match,25,0.0,0.08,85.0
CON3-1,accident,bonferroni,25,0.0,0.64,40.5
CON3-1,accident,periodic,25,0.0,1.0,33.0
CON3-1,dwell,tempo2,25,0.0,1.0,8.68
CON3-1,dwell,tempo1,25,0.0,1.0,13.48
CON3-1,dwell,tempo_flat,25,0.0,1.0,14.28
CON3-1,dwell,cusum_cal,25,0.0,1.0,16.6
CON3-1,dwell,cusum_match,25,0.0,1.0,40.6
CON3-1,dwell,ph_cal,25,0.0,1.0,19.76
CON3-1,dwell,ph_match,25,0.0,1.0,49.64
CON3-1,dwell,bonferroni,25,0.0,1.0,10.0
CON3-1,dwell,periodic,25,0.0,1.0,30.0
CON3-1,breakdown,tempo2,25,0.0,0.84,26.666666666666668
CON3-1,breakdown,tempo1,25,0.0,0.88,25.5
CON3-1,breakdown,tempo_flat,25,0.0,0.88,25.5
CON3-1,breakdown,cusum_cal,25,0.0,0.84,26.666666666666668
CON3-1,breakdown,cusum_match,25,0.0,0.84,26.666666666666668
CON3-1,breakdown,ph_cal,25,0.0,0.88,25.59090909090909
CON3-1,breakdown,ph_match,25,0.0,0.84,26.666666666666668
CON3-1,breakdown,bonferroni,25,0.0,0.88,26.0
CON3-1,breakdown,periodic,25,0.0,1.0,22.16
CON3-2,none,tempo2,25,0.04,,
CON3-2,none,tempo1,25,0.0,,
CON3-2,none,tempo_flat,25,0.0,,
CON3-2,none,cusum_cal,25,0.08,,
CON3-2,none,cusum_match,25,0.04,,
CON3-2,none,ph_cal,25,0.04,,
CON3-2,none,ph_match,25,0.04,,
CON3-2,none,bonferroni,25,0.04,,
CON3-2,none,periodic,25,1.0,,
CON3-2,traffic,tempo2,25,0.04,0.96,21.416666666666668
CON3-2,traffic,tempo1,25,0.04,0.56,34.357142857142854
CON3-2,traffic,tempo_flat,25,0.04,0.6,33.666666666666664
CON3-2,traffic,cusum_cal,25,0.04,0.96,29.583333333333332
CON3-2,traffic,cusum_match,25,0.04,0.48,67.08333333333333
CON3-2,traffic,ph_cal,25,0.04,0.72,41.111111111111114
CON3-2,traffic,ph_match,25,0.04,0.04,67.0
CON3-2,traffic,bonferroni,25,0.04,0.96,25.666666666666668
CON3-2,traffic,periodic,25,0.04,0.96,34.0
CON3-2,demand,tempo2,25,0.0,0.52,39.38461538461539
CON3-2,demand,tempo1,25,0.0,0.0,
CON3-2,demand,tempo_flat,25,0.0,0.04,30.0
CON3-2,demand,cusum_cal,25,0.0,0.36,54.44444444444444
CON3-2,demand,cusum_match,25,0.0,0.0,
CON3-2,demand,ph_cal,25,0.0,0.12,48.333333333333336
CON3-2,demand,ph_match,25,0.0,0.0,
CON3-2,demand,bonferroni,25,0.0,0.76,41.526315789473685
CON3-2,demand,periodic,25,0.0,1.0,31.0
CON3-2,accident,tempo2,25,0.0,0.56,33.714285714285715
CON3-2,accident,tempo1,25,0.0,0.64,32.9375
CON3-2,accident,tempo_flat,25,0.0,0.4,30.5
CON3-2,accident,cusum_cal,25,0.0,0.8,36.1
CON3-2,accident,cusum_match,25,0.0,0.36,45.22222222222222
CON3-2,accident,ph_cal,25,0.0,0.8,33.6
CON3-2,accident,ph_match,25,0.0,0.12,35.666666666666664
CON3-2,accident,bonferroni,25,0.0,0.8,37.05
CON3-2,accident,periodic,25,0.0,1.0,32.24
CON3-2,dwell,tempo2,25,0.0,1.0,7.96
CON3-2,dwell,tempo1,25,0.0,1.0,15.36
CON3-2,dwell,tempo_flat,25,0.0,1.0,17.16
CON3-2,dwell,cusum_cal,25,0.0,1.0,14.28
CON3-2,dwell,cusum_match,25,0.0,1.0,41.6
CON3-2,dwell,ph_cal,25,0.0,0.96,20.833333333333332
CON3-2,dwell,ph_match,25,0.0,0.72,53.5
CON3-2,dwell,bonferroni,25,0.0,1.0,11.6
CON3-2,dwell,periodic,25,0.0,1.0,30.0
CON3-2,breakdown,tempo2,25,0.0,0.84,29.761904761904763
CON3-2,breakdown,tempo1,25,0.0,0.84,29.761904761904763
CON3-2,breakdown,tempo_flat,25,0.0,0.84,29.761904761904763
CON3-2,breakdown,cusum_cal,25,0.0,0.84,29.761904761904763
CON3-2,breakdown,cusum_match,25,0.0,0.84,29.761904761904763
CON3-2,breakdown,ph_cal,25,0.0,0.84,28.761904761904763
CON3-2,breakdown,ph_match,25,0.0,0.84,29.761904761904763
CON3-2,breakdown,bonferroni,25,0.0,0.84,29.761904761904763
CON3-2,breakdown,periodic,25,0.0,1.0,22.16
CON3-3,none,tempo2,25,0.0,,
CON3-3,none,tempo1,25,0.0,,
CON3-3,none,tempo_flat,25,0.0,,
CON3-3,none,cusum_cal,25,0.08,,
CON3-3,none,cusum_match,25,0.0,,
CON3-3,none,ph_cal,25,0.16,,
CON3-3,none,ph_match,25,0.0,,
CON3-3,none,bonferroni,25,0.12,,
CON3-3,none,periodic,25,1.0,,
CON3-3,traffic,tempo2,25,0.0,1.0,19.04
CON3-3,traffic,tempo1,25,0.0,0.64,36.1875
CON3-3,traffic,tempo_flat,25,0.0,0.72,39.833333333333336
CON3-3,traffic,cusum_cal,25,0.0,1.0,23.88
CON3-3,traffic,cusum_match,25,0.0,0.8,68.1
CON3-3,traffic,ph_cal,25,0.0,0.8,40.6
CON3-3,traffic,ph_match,25,0.0,0.2,61.8
CON3-3,traffic,bonferroni,25,0.0,1.0,23.92
CON3-3,traffic,periodic,25,0.0,1.0,32.72
CON3-3,demand,tempo2,25,0.0,0.84,52.38095238095238
CON3-3,demand,tempo1,25,0.0,0.08,33.0
CON3-3,demand,tempo_flat,25,0.0,0.16,44.25
CON3-3,demand,cusum_cal,25,0.0,0.8,53.0
CON3-3,demand,cusum_match,25,0.0,0.04,29.0
CON3-3,demand,ph_cal,25,0.0,0.4,44.0
CON3-3,demand,ph_match,25,0.0,0.04,29.0
CON3-3,demand,bonferroni,25,0.0,0.92,37.95652173913044
CON3-3,demand,periodic,25,0.0,1.0,30.92
CON3-3,accident,tempo2,25,0.0,0.24,50.333333333333336
CON3-3,accident,tempo1,25,0.0,0.24,45.833333333333336
CON3-3,accident,tempo_flat,25,0.0,0.12,26.666666666666668
CON3-3,accident,cusum_cal,25,0.0,0.68,39.705882352941174
CON3-3,accident,cusum_match,25,0.0,0.2,69.0
CON3-3,accident,ph_cal,25,0.0,0.56,47.07142857142857
CON3-3,accident,ph_match,25,0.0,0.04,25.0
CON3-3,accident,bonferroni,25,0.0,0.6,38.0
CON3-3,accident,periodic,25,0.0,1.0,32.8
CON3-3,dwell,tempo2,25,0.0,1.0,6.24
CON3-3,dwell,tempo1,25,0.04,0.96,13.166666666666666
CON3-3,dwell,tempo_flat,25,0.04,0.96,12.833333333333334
CON3-3,dwell,cusum_cal,25,0.0,1.0,12.4
CON3-3,dwell,cusum_match,25,0.0,1.0,39.12
CON3-3,dwell,ph_cal,25,0.0,1.0,15.32
CON3-3,dwell,ph_match,25,0.0,1.0,53.04
CON3-3,dwell,bonferroni,25,0.0,1.0,10.0
CON3-3,dwell,periodic,25,0.0,1.0,29.92
CON3-3,breakdown,tempo2,25,0.0,0.8,25.0
CON3-3,breakdown,tempo1,25,0.0,0.8,25.0
CON3-3,breakdown,tempo_flat,25,0.0,0.8,25.0
CON3-3,breakdown,cusum_cal,25,0.0,0.8,25.0
CON3-3,breakdown,cusum_match,25,0.0,0.8,25.0
CON3-3,breakdown,ph_cal,25,0.0,0.8,25.0
CON3-3,breakdown,ph_match,25,0.0,0.8,25.0
CON3-3,breakdown,bonferroni,25,0.0,0.8,25.0
CON3-3,breakdown,periodic,25,0.0,1.0,21.36
CON3-4,none,tempo2,25,0.0,,
CON3-4,none,tempo1,25,0.0,,
CON3-4,none,tempo_flat,25,0.0,,
CON3-4,none,cusum_cal,25,0.04,,
CON3-4,none,cusum_match,25,0.04,,
CON3-4,none,ph_cal,25,0.04,,
CON3-4,none,ph_match,25,0.04,,
CON3-4,none,bonferroni,25,0.08,,
CON3-4,none,periodic,25,1.0,,
CON3-4,traffic,tempo2,25,0.0,1.0,17.96
CON3-4,traffic,tempo1,25,0.0,0.88,29.272727272727273
CON3-4,traffic,tempo_flat,25,0.0,0.88,27.40909090909091
CON3-4,traffic,cusum_cal,25,0.0,1.0,32.28
CON3-4,traffic,cusum_match,25,0.0,0.92,68.56521739130434
CON3-4,traffic,ph_cal,25,0.0,0.76,50.89473684210526
CON3-4,traffic,ph_match,25,0.0,0.28,57.0
CON3-4,traffic,bonferroni,25,0.0,1.0,25.92
CON3-4,traffic,periodic,25,0.0,1.0,32.32
CON3-4,demand,tempo2,25,0.0,0.76,50.8421052631579
CON3-4,demand,tempo1,25,0.0,0.12,58.0
CON3-4,demand,tempo_flat,25,0.0,0.28,63.42857142857143
CON3-4,demand,cusum_cal,25,0.0,0.56,65.07142857142857
CON3-4,demand,cusum_match,25,0.0,0.12,82.66666666666667
CON3-4,demand,ph_cal,25,0.0,0.4,65.5
CON3-4,demand,ph_match,25,0.0,0.12,85.0
CON3-4,demand,bonferroni,25,0.0,0.76,45.10526315789474
CON3-4,demand,periodic,25,0.0,1.0,31.0
CON3-4,accident,tempo2,25,0.0,0.24,45.166666666666664
CON3-4,accident,tempo1,25,0.0,0.28,40.42857142857143
CON3-4,accident,tempo_flat,25,0.0,0.2,41.2
CON3-4,accident,cusum_cal,25,0.0,0.6,55.4
CON3-4,accident,cusum_match,25,0.0,0.12,43.666666666666664
CON3-4,accident,ph_cal,25,0.0,0.36,57.666666666666664
CON3-4,accident,ph_match,25,0.0,0.08,40.5
CON3-4,accident,bonferroni,25,0.0,0.52,43.61538461538461
CON3-4,accident,periodic,25,0.0,1.0,32.12
CON3-4,dwell,tempo2,25,0.0,1.0,6.44
CON3-4,dwell,tempo1,25,0.0,1.0,10.52
CON3-4,dwell,tempo_flat,25,0.0,1.0,11.28
CON3-4,dwell,cusum_cal,25,0.0,1.0,16.52
CON3-4,dwell,cusum_match,25,0.0,1.0,40.52
CON3-4,dwell,ph_cal,25,0.0,1.0,24.48
CON3-4,dwell,ph_match,25,0.0,1.0,55.64
CON3-4,dwell,bonferroni,25,0.0,1.0,9.8
CON3-4,dwell,periodic,25,0.0,1.0,29.52
CON3-4,breakdown,tempo2,25,0.0,0.8,31.25
CON3-4,breakdown,tempo1,25,0.0,0.8,31.25
CON3-4,breakdown,tempo_flat,25,0.0,0.8,31.25
CON3-4,breakdown,cusum_cal,25,0.0,0.8,31.25
CON3-4,breakdown,cusum_match,25,0.0,0.8,31.25
CON3-4,breakdown,ph_cal,25,0.0,0.8,31.25
CON3-4,breakdown,ph_match,25,0.0,0.8,31.25
CON3-4,breakdown,bonferroni,25,0.0,0.8,31.25
CON3-4,breakdown,periodic,25,0.0,1.0,22.44
CON3-5,none,tempo2,25,0.0,,
CON3-5,none,tempo1,25,0.0,,
CON3-5,none,tempo_flat,25,0.0,,
CON3-5,none,cusum_cal,25,0.12,,
CON3-5,none,cusum_match,25,0.0,,
CON3-5,none,ph_cal,25,0.04,,
CON3-5,none,ph_match,25,0.0,,
CON3-5,none,bonferroni,25,0.12,,
CON3-5,none,periodic,25,1.0,,
CON3-5,traffic,tempo2,25,0.0,1.0,21.16
CON3-5,traffic,tempo1,25,0.0,0.76,39.21052631578947
CON3-5,traffic,tempo_flat,25,0.0,0.76,39.89473684210526
CON3-5,traffic,cusum_cal,25,0.0,1.0,21.84
CON3-5,traffic,cusum_match,25,0.0,0.96,52.5
CON3-5,traffic,ph_cal,25,0.0,0.8,38.45
CON3-5,traffic,ph_match,25,0.0,0.36,60.55555555555556
CON3-5,traffic,bonferroni,25,0.0,1.0,24.4
CON3-5,traffic,periodic,25,0.0,1.0,34.0
CON3-5,demand,tempo2,25,0.0,0.64,48.75
CON3-5,demand,tempo1,25,0.0,0.08,36.0
CON3-5,demand,tempo_flat,25,0.0,0.04,9.0
CON3-5,demand,cusum_cal,25,0.0,0.72,44.72222222222222
CON3-5,demand,cusum_match,25,0.0,0.04,9.0
CON3-5,demand,ph_cal,25,0.0,0.16,54.0
CON3-5,demand,ph_match,25,0.0,0.04,9.0
CON3-5,demand,bonferroni,25,0.0,0.84,43.285714285714285
CON3-5,demand,periodic,25,0.0,1.0,30.12
CON3-5,accident,tempo2,25,0.0,0.4,46.6
CON3-5,accident,tempo1,25,0.0,0.44,34.18181818181818
CON3-5,accident,tempo_flat,25,0.0,0.32,48.625
CON3-5,accident,cusum_cal,25,0.0,0.8,39.0
CON3-5,accident,cusum_match,25,0.0,0.48,50.916666666666664
CON3-5,accident,ph_cal,25,0.0,0.64,45.125
CON3-5,accident,ph_match,25,0.0,0.28,54.42857142857143
CON3-5,accident,bonferroni,25,0.0,0.64,35.5
CON3-5,accident,periodic,25,0.0,1.0,33.0
CON3-5,dwell,tempo2,25,0.04,0.96,7.25
CON3-5,dwell,tempo1,25,0.04,0.96,17.708333333333332
CON3-5,dwell,tempo_flat,25,0.04,0.96,16.541666666666668
CON3-5,dwell,cusum_cal,25,0.04,0.96,10.625
CON3-5,dwell,cusum_match,25,0.04,0.96,26.25
CON3-5,dwell,ph_cal,25,0.04,0.96,24.791666666666668
CON3-5,dwell,ph_match,25,0.04,0.92,45.69565217391305
CON3-5,dwell,bonferroni,25,0.04,0.96,11.666666666666666
CON3-5,dwell,periodic,25,0.04,0.96,30.0
CON3-5,breakdown,tempo2,25,0.0,0.84,26.904761904761905
CON3-5,breakdown,tempo1,25,0.0,0.84,26.904761904761905
CON3-5,breakdown,tempo_flat,25,0.0,0.84,26.904761904761905
CON3-5,breakdown,cusum_cal,25,0.0,0.84,26.904761904761905
CON3-5,breakdown,cusum_match,25,0.0,0.84,26.904761904761905
CON3-5,breakdown,ph_cal,25,0.0,0.84,26.904761904761905
CON3-5,breakdown,ph_match,25,0.0,0.84,26.904761904761905
CON3-5,breakdown,bonferroni,25,0.0,0.84,26.904761904761905
CON3-5,breakdown,periodic,25,0.0,1.0,22.68
CON3-6,none,tempo2,25,0.04,,
CON3-6,none,tempo1,25,0.04,,
CON3-6,none,tempo_flat,25,0.04,,
CON3-6,none,cusum_cal,25,0.0,,
CON3-6,none,cusum_match,25,0.0,,
CON3-6,none,ph_cal,25,0.08,,
CON3-6,none,ph_match,25,0.0,,
CON3-6,none,bonferroni,25,0.04,,
CON3-6,none,periodic,25,1.0,,
CON3-6,traffic,tempo2,25,0.04,0.96,20.041666666666668
CON3-6,traffic,tempo1,25,0.04,0.56,27.357142857142858
CON3-6,traffic,tempo_flat,25,0.04,0.64,27.0
CON3-6,traffic,cusum_cal,25,0.04,0.96,33.958333333333336
CON3-6,traffic,cusum_match,25,0.04,0.96,56.666666666666664
CON3-6,traffic,ph_cal,25,0.04,0.72,42.111111111111114
CON3-6,traffic,ph_match,25,0.04,0.2,67.2
CON3-6,traffic,bonferroni,25,0.04,0.96,25.666666666666668
CON3-6,traffic,periodic,25,0.04,0.96,34.0
CON3-6,demand,tempo2,25,0.0,0.76,47.36842105263158
CON3-6,demand,tempo1,25,0.0,0.0,
CON3-6,demand,tempo_flat,25,0.0,0.08,24.0
CON3-6,demand,cusum_cal,25,0.0,0.56,55.0
CON3-6,demand,cusum_match,25,0.0,0.04,75.0
CON3-6,demand,ph_cal,25,0.0,0.16,52.5
CON3-6,demand,ph_match,25,0.0,0.0,
CON3-6,demand,bonferroni,25,0.0,0.92,42.30434782608695
CON3-6,demand,periodic,25,0.0,1.0,31.0
CON3-6,accident,tempo2,25,0.0,0.52,43.07692307692308
CON3-6,accident,tempo1,25,0.0,0.52,34.23076923076923
CON3-6,accident,tempo_flat,25,0.0,0.28,31.0
CON3-6,accident,cusum_cal,25,0.0,0.96,42.291666666666664
CON3-6,accident,cusum_match,25,0.0,0.52,63.07692307692308
CON3-6,accident,ph_cal,25,0.0,0.56,42.42857142857143
CON3-6,accident,ph_match,25,0.0,0.16,57.0
CON3-6,accident,bonferroni,25,0.0,0.96,45.5
CON3-6,accident,periodic,25,0.0,1.0,33.0
CON3-6,dwell,tempo2,25,0.0,1.0,8.52
CON3-6,dwell,tempo1,25,0.0,1.0,17.32
CON3-6,dwell,tempo_flat,25,0.0,1.0,17.72
CON3-6,dwell,cusum_cal,25,0.0,1.0,16.6
CON3-6,dwell,cusum_match,25,0.0,1.0,30.32
CON3-6,dwell,ph_cal,25,0.0,1.0,24.4
CON3-6,dwell,ph_match,25,0.0,0.96,46.875
CON3-6,dwell,bonferroni,25,0.0,1.0,11.6
CON3-6,dwell,periodic,25,0.0,1.0,30.0
CON3-6,breakdown,tempo2,25,0.0,0.88,30.90909090909091
CON3-6,breakdown,tempo1,25,0.0,0.88,30.90909090909091
CON3-6,breakdown,tempo_flat,25,0.0,0.88,30.90909090909091
CON3-6,breakdown,cusum_cal,25,0.0,0.88,29.954545454545453
CON3-6,breakdown,cusum_match,25,0.0,0.88,30.90909090909091
CON3-6,breakdown,ph_cal,25,0.0,0.88,30.90909090909091
CON3-6,breakdown,ph_match,25,0.0,0.88,30.90909090909091
CON3-6,breakdown,bonferroni,25,0.0,0.88,28.818181818181817
CON3-6,breakdown,periodic,25,0.0,1.0,24.28
CON3-7,none,tempo2,25,0.04,,
CON3-7,none,tempo1,25,0.04,,
CON3-7,none,tempo_flat,25,0.04,,
CON3-7,none,cusum_cal,25,0.0,,
CON3-7,none,cusum_match,25,0.0,,
CON3-7,none,ph_cal,25,0.0,,
CON3-7,none,ph_match,25,0.0,,
CON3-7,none,bonferroni,25,0.04,,
CON3-7,none,periodic,25,1.0,,
CON3-7,traffic,tempo2,25,0.0,1.0,18.08
CON3-7,traffic,tempo1,25,0.0,0.76,32.89473684210526
CON3-7,traffic,tempo_flat,25,0.0,0.76,32.21052631578947
CON3-7,traffic,cusum_cal,25,0.0,0.64,72.3125
CON3-7,traffic,cusum_match,25,0.0,0.64,72.3125
CON3-7,traffic,ph_cal,25,0.0,0.12,62.666666666666664
CON3-7,traffic,ph_match,25,0.0,0.08,55.0
CON3-7,traffic,bonferroni,25,0.0,1.0,22.6
CON3-7,traffic,periodic,25,0.0,1.0,33.8
CON3-7,demand,tempo2,25,0.04,0.64,41.0
CON3-7,demand,tempo1,25,0.04,0.04,69.0
CON3-7,demand,tempo_flat,25,0.04,0.08,43.0
CON3-7,demand,cusum_cal,25,0.04,0.04,69.0
CON3-7,demand,cusum_match,25,0.04,0.04,69.0
CON3-7,demand,ph_cal,25,0.04,0.04,69.0
CON3-7,demand,ph_match,25,0.04,0.04,69.0
CON3-7,demand,bonferroni,25,0.04,0.76,42.473684210526315
CON3-7,demand,periodic,25,0.04,0.96,31.0
CON3-7,accident,tempo2,25,0.04,0.24,39.833333333333336
CON3-7,accident,tempo1,25,0.04,0.4,33.8
CON3-7,accident,tempo_flat,25,0.04,0.2,27.4
CON3-7,accident,cusum_cal,25,0.0,0.12,50.666666666666664
CON3-7,accident,cusum_match,25,0.0,0.12,50.666666666666664
CON3-7,accident,ph_cal,25,0.0,0.08,46.0
CON3-7,accident,ph_match,25,0.0,0.08,46.0
CON3-7,accident,bonferroni,25,0.0,0.6,33.86666666666667
CON3-7,accident,periodic,25,0.0,1.0,32.72
CON3-7,dwell,tempo2,25,0.0,1.0,7.24
CON3-7,dwell,tempo1,25,0.0,1.0,15.48
CON3-7,dwell,tempo_flat,25,0.0,1.0,15.88
CON3-7,dwell,cusum_cal,25,0.0,1.0,40.8
CON3-7,dwell,cusum_match,25,0.0,1.0,40.8
CON3-7,dwell,ph_cal,25,0.0,0.96,52.541666666666664
CON3-7,dwell,ph_match,25,0.0,0.92,56.43478260869565
CON3-7,dwell,bonferroni,25,0.0,1.0,10.0
CON3-7,dwell,periodic,25,0.0,1.0,30.0
CON3-7,breakdown,tempo2,25,0.0,0.76,32.10526315789474
CON3-7,breakdown,tempo1,25,0.0,0.76,32.10526315789474
CON3-7,breakdown,tempo_flat,25,0.0,0.76,32.10526315789474
CON3-7,breakdown,cusum_cal,25,0.0,0.76,32.10526315789474
CON3-7,breakdown,cusum_match,25,0.0,0.76,32.10526315789474
CON3-7,breakdown,ph_cal,25,0.0,0.76,32.10526315789474
CON3-7,breakdown,ph_match,25,0.0,0.76,32.10526315789474
CON3-7,breakdown,bonferroni,25,0.0,0.76,31.68421052631579
CON3-7,breakdown,periodic,25,0.0,1.0,25.32
CON3-8,none,tempo2,25,0.0,,
CON3-8,none,tempo1,25,0.0,,
CON3-8,none,tempo_flat,25,0.0,,
CON3-8,none,cusum_cal,25,0.0,,
CON3-8,none,cusum_match,25,0.0,,
CON3-8,none,ph_cal,25,0.0,,
CON3-8,none,ph_match,25,0.0,,
CON3-8,none,bonferroni,25,0.04,,
CON3-8,none,periodic,25,1.0,,
CON3-8,traffic,tempo2,25,0.0,1.0,17.24
CON3-8,traffic,tempo1,25,0.0,0.68,32.64705882352941
CON3-8,traffic,tempo_flat,25,0.0,0.84,32.61904761904762
CON3-8,traffic,cusum_cal,25,0.0,0.68,63.35294117647059
CON3-8,traffic,cusum_match,25,0.0,0.68,63.35294117647059
CON3-8,traffic,ph_cal,25,0.0,0.16,51.0
CON3-8,traffic,ph_match,25,0.0,0.16,54.75
CON3-8,traffic,bonferroni,25,0.0,1.0,22.72
CON3-8,traffic,periodic,25,0.0,1.0,33.12
CON3-8,demand,tempo2,25,0.04,0.84,53.095238095238095
CON3-8,demand,tempo1,25,0.04,0.0,
CON3-8,demand,tempo_flat,25,0.04,0.04,78.0
CON3-8,demand,cusum_cal,25,0.04,0.0,
CON3-8,demand,cusum_match,25,0.04,0.0,
CON3-8,demand,ph_cal,25,0.04,0.0,
CON3-8,demand,ph_match,25,0.04,0.0,
CON3-8,demand,bonferroni,25,0.04,0.88,43.72727272727273
CON3-8,demand,periodic,25,0.04,0.96,31.0
CON3-8,accident,tempo2,25,0.0,0.52,26.153846153846153
CON3-8,accident,tempo1,25,0.0,0.6,24.733333333333334
CON3-8,accident,tempo_flat,25,0.0,0.36,20.444444444444443
CON3-8,accident,cusum_cal,25,0.0,0.4,52.6
CON3-8,accident,cusum_match,25,0.0,0.4,52.6
CON3-8,accident,ph_cal,25,0.0,0.12,42.0
CON3-8,accident,ph_match,25,0.0,0.08,30.5
CON3-8,accident,bonferroni,25,0.0,0.84,36.476190476190474
CON3-8,accident,periodic,25,0.0,1.0,31.92
CON3-8,dwell,tempo2,25,0.0,1.0,7.6
CON3-8,dwell,tempo1,25,0.0,1.0,14.96
CON3-8,dwell,tempo_flat,25,0.0,1.0,15.96
CON3-8,dwell,cusum_cal,25,0.0,1.0,38.52
CON3-8,dwell,cusum_match,25,0.0,1.0,38.52
CON3-8,dwell,ph_cal,25,0.0,0.84,49.61904761904762
CON3-8,dwell,ph_match,25,0.0,0.8,58.45
CON3-8,dwell,bonferroni,25,0.0,1.0,10.8
CON3-8,dwell,periodic,25,0.0,1.0,29.32
CON3-8,breakdown,tempo2,25,0.0,0.68,14.117647058823529
CON3-8,breakdown,tempo1,25,0.0,0.68,14.117647058823529
CON3-8,breakdown,tempo_flat,25,0.0,0.68,14.117647058823529
CON3-8,breakdown,cusum_cal,25,0.0,0.68,14.117647058823529
CON3-8,breakdown,cusum_match,25,0.0,0.68,14.117647058823529
CON3-8,breakdown,ph_cal,25,0.0,0.68,14.117647058823529
CON3-8,breakdown,ph_match,25,0.0,0.68,14.117647058823529
CON3-8,breakdown,bonferroni,25,0.0,0.72,15.11111111111111
CON3-8,breakdown,periodic,25,0.0,1.0,17.8
CON3-9,none,tempo2,25,0.0,,
CON3-9,none,tempo1,25,0.0,,
CON3-9,none,tempo_flat,25,0.0,,
CON3-9,none,cusum_cal,25,0.0,,
CON3-9,none,cusum_match,25,0.0,,
CON3-9,none,ph_cal,25,0.0,,
CON3-9,none,ph_match,25,0.0,,
CON3-9,none,bonferroni,25,0.08,,
CON3-9,none,periodic,25,1.0,,
CON3-9,traffic,tempo2,25,0.0,1.0,20.72
CON3-9,traffic,tempo1,25,0.0,0.76,34.421052631578945
CON3-9,traffic,tempo_flat,25,0.0,0.76,32.526315789473685
CON3-9,traffic,cusum_cal,25,0.0,0.96,40.625
CON3-9,traffic,cusum_match,25,0.0,0.36,56.888888888888886
CON3-9,traffic,ph_cal,25,0.0,0.6,47.266666666666666
CON3-9,traffic,ph_match,25,0.0,0.08,52.0
CON3-9,traffic,bonferroni,25,0.0,1.0,21.2
CON3-9,traffic,periodic,25,0.0,1.0,34.0
CON3-9,demand,tempo2,25,0.0,0.76,38.10526315789474
CON3-9,demand,tempo1,25,0.0,0.2,38.6
CON3-9,demand,tempo_flat,25,0.0,0.16,35.0
CON3-9,demand,cusum_cal,25,0.0,0.4,53.8
CON3-9,demand,cusum_match,25,0.0,0.08,21.5
CON3-9,demand,ph_cal,25,0.0,0.24,41.333333333333336
CON3-9,demand,ph_match,25,0.0,0.08,21.5
CON3-9,demand,bonferroni,25,0.0,0.88,33.63636363636363
CON3-9,demand,periodic,25,0.0,1.0,30.24
CON3-9,accident,tempo2,25,0.0,0.36,22.666666666666668
CON3-9,accident,tempo1,25,0.0,0.48,19.5
CON3-9,accident,tempo_flat,25,0.0,0.4,22.7
CON3-9,accident,cusum_cal,25,0.0,0.52,33.07692307692308
CON3-9,accident,cusum_match,25,0.0,0.16,46.25
CON3-9,accident,ph_cal,25,0.0,0.28,35.0
CON3-9,accident,ph_match,25,0.0,0.08,37.5
CON3-9,accident,bonferroni,25,0.0,0.72,33.0
CON3-9,accident,periodic,25,0.0,1.0,33.0
CON3-9,dwell,tempo2,25,0.0,1.0,6.8
CON3-9,dwell,tempo1,25,0.0,1.0,14.64
CON3-9,dwell,tempo_flat,25,0.0,1.0,14.88
CON3-9,dwell,cusum_cal,25,0.0,1.0,20.4
CON3-9,dwell,cusum_match,25,0.0,1.0,40.4
CON3-9,dwell,ph_cal,25,0.0,1.0,31.64
CON3-9,dwell,ph_match,25,0.0,0.68,53.05882352941177
CON3-9,dwell,bonferroni,25,0.0,1.0,10.8
CON3-9,dwell,periodic,25,0.0,1.0,30.0
CON3-9,breakdown,tempo2,25,0.0,0.76,28.157894736842106
CON3-9,breakdown,tempo1,25,0.0,0.76,28.157894736842106
CON3-9,breakdown,tempo_flat,25,0.0,0.76,28.157894736842106
CON3-9,breakdown,cusum_cal,25,0.0,0.76,28.157894736842106
CON3-9,breakdown,cusum_match,25,0.0,0.76,28.157894736842106
CON3-9,breakdown,ph_cal,25,0.0,0.76,28.157894736842106
CON3-9,breakdown,ph_match,25,0.0,0.76,28.157894736842106
CON3-9,breakdown,bonferroni,25,0.0,0.76,27.473684210526315
CON3-9,breakdown,periodic,25,0.0,1.0,25.96
CON8-0,none,tempo2,25,0.04,,
CON8-0,none,tempo1,25,0.0,,
CON8-0,none,tempo_flat,25,0.0,,
CON8-0,none,cusum_cal,25,0.0,,
CON8-0,none,cusum_match,25,0.0,,
CON8-0,none,ph_cal,25,0.04,,
CON8-0,none,ph_match,25,0.0,,
CON8-0,none,bonferroni,25,0.08,,
CON8-0,none,periodic,25,0.0,,
CON8-0,traffic,tempo2,25,0.0,0.72,16.666666666666668
CON8-0,traffic,tempo1,25,0.0,0.08,18.0
CON8-0,traffic,tempo_flat,25,0.0,0.08,17.5
CON8-0,traffic,cusum_cal,25,0.0,0.68,18.823529411764707
CON8-0,traffic,cusum_match,25,0.0,0.0,
CON8-0,traffic,ph_cal,25,0.0,0.24,22.166666666666668
CON8-0,traffic,ph_match,25,0.0,0.0,
CON8-0,traffic,bonferroni,25,0.0,0.72,14.0
CON8-0,traffic,periodic,25,0.0,0.0,
CON8-0,demand,tempo2,25,0.0,0.2,20.0
CON8-0,demand,tempo1,25,0.0,0.0,
CON8-0,demand,tempo_flat,25,0.0,0.0,
CON8-0,demand,cusum_cal,25,0.0,0.2,20.0
CON8-0,demand,cusum_match,25,0.0,0.0,
CON8-0,demand,ph_cal,25,0.0,0.0,
CON8-0,demand,ph_match,25,0.0,0.0,
CON8-0,demand,bonferroni,25,0.0,0.08,11.0
CON8-0,demand,periodic,25,0.0,0.0,
CON8-0,accident,tempo2,25,0.0,0.52,11.076923076923077
CON8-0,accident,tempo1,25,0.0,0.56,9.285714285714286
CON8-0,accident,tempo_flat,25,0.0,0.48,8.583333333333334
CON8-0,accident,cusum_cal,25,0.0,0.72,12.555555555555555
CON8-0,accident,cusum_match,25,0.0,0.04,6.0
CON8-0,accident,ph_cal,25,0.0,0.56,10.428571428571429
CON8-0,accident,ph_match,25,0.0,0.08,13.0
CON8-0,accident,bonferroni,25,0.0,0.48,12.0
CON8-0,accident,periodic,25,0.0,0.04,6.0
CON8-0,dwell,tempo2,25,0.0,1.0,8.64
CON8-0,dwell,tempo1,25,0.0,0.36,16.22222222222222
CON8-0,dwell,tempo_flat,25,0.0,0.68,16.58823529411765
CON8-0,dwell,cusum_cal,25,0.0,1.0,12.2
CON8-0,dwell,cusum_match,25,0.0,0.0,
CON8-0,dwell,ph_cal,25,0.0,0.8,16.15
CON8-0,dwell,ph_match,25,0.0,0.0,
CON8-0,dwell,bonferroni,25,0.0,1.0,10.4
CON8-0,dwell,periodic,25,0.0,0.0,
CON8-0,breakdown,tempo2,25,0.0,0.56,10.0
CON8-0,breakdown,tempo1,25,0.0,0.6,9.533333333333333
CON8-0,breakdown,tempo_flat,25,0.0,0.6,9.4
CON8-0,breakdown,cusum_cal,25,0.0,0.56,10.0
CON8-0,breakdown,cusum_match,25,0.0,0.56,10.0
CON8-0,breakdown,ph_cal,25,0.0,0.56,10.0
CON8-0,breakdown,ph_match,25,0.0,0.56,10.0
CON8-0,breakdown,bonferroni,25,0.0,0.6,10.133333333333333
CON8-0,breakdown,periodic,25,0.0,0.56,10.0
CON8-1,none,tempo2,25,0.0,,
CON8-1,none,tempo1,25,0.0,,
CON8-1,none,tempo_flat,25,0.0,,
CON8-1,none,cusum_cal,25,0.2,,
CON8-1,none,cusum_match,25,0.08,,
CON8-1,none,ph_cal,25,0.12,,
CON8-1,none,ph_match,25,0.08,,
CON8-1,none,bonferroni,25,0.12,,
CON8-1,none,periodic,25,1.0,,
CON8-1,traffic,tempo2,25,0.0,0.92,18.91304347826087
CON8-1,traffic,tempo1,25,0.0,0.12,24.333333333333332
CON8-1,traffic,tempo_flat,25,0.0,0.24,20.333333333333332
CON8-1,traffic,cusum_cal,25,0.0,1.0,15.6
CON8-1,traffic,cusum_match,25,0.0,0.36,30.555555555555557
CON8-1,traffic,ph_cal,25,0.0,0.68,21.235294117647058
CON8-1,traffic,ph_match,25,0.0,0.12,30.333333333333332
CON8-1,traffic,bonferroni,25,0.0,0.92,23.565217391304348
CON8-1,traffic,periodic,25,0.0,1.0,34.0
CON8-1,demand,tempo2,25,0.0,0.28,30.714285714285715
CON8-1,demand,tempo1,25,0.0,0.0,
CON8-1,demand,tempo_flat,25,0.0,0.04,40.0
CON8-1,demand,cusum_cal,25,0.0,0.68,27.705882352941178
CON8-1,demand,cusum_match,25,0.0,0.0,
CON8-1,demand,ph_cal,25,0.0,0.24,26.333333333333332
CON8-1,demand,ph_match,25,0.0,0.0,
CON8-1,demand,bonferroni,25,0.0,0.44,25.545454545454547
CON8-1,demand,periodic,25,0.0,1.0,32.4
CON8-1,accident,tempo2,25,0.0,0.2,18.0
CON8-1,accident,tempo1,25,0.0,0.4,21.7
CON8-1,accident,tempo_flat,25,0.0,0.28,22.142857142857142
CON8-1,accident,cusum_cal,25,0.0,0.88,17.727272727272727
CON8-1,accident,cusum_match,25,0.0,0.2,23.0
CON8-1,accident,ph_cal,25,0.0,0.72,18.77777777777778
CON8-1,accident,ph_match,25,0.0,0.16,19.5
CON8-1,accident,bonferroni,25,0.0,0.88,27.545454545454547
CON8-1,accident,periodic,25,0.0,1.0,33.0
CON8-1,dwell,tempo2,25,0.0,1.0,6.28
CON8-1,dwell,tempo1,25,0.0,0.88,15.045454545454545
CON8-1,dwell,tempo_flat,25,0.0,0.96,13.166666666666666
CON8-1,dwell,cusum_cal,25,0.0,1.0,7.08
CON8-1,dwell,cusum_match,25,0.0,0.96,22.083333333333332
CON8-1,dwell,ph_cal,25,0.0,1.0,9.76
CON8-1,dwell,ph_match,25,0.0,0.8,25.25
CON8-1,dwell,bonferroni,25,0.0,1.0,12.2
CON8-1,dwell,periodic,25,0.0,1.0,32.2
CON8-1,breakdown,tempo2,25,0.0,0.68,16.176470588235293
CON8-1,breakdown,tempo1,25,0.0,0.68,16.176470588235293
CON8-1,breakdown,tempo_flat,25,0.0,0.68,16.176470588235293
CON8-1,breakdown,cusum_cal,25,0.0,0.68,16.176470588235293
CON8-1,breakdown,cusum_match,25,0.0,0.68,16.176470588235293
CON8-1,breakdown,ph_cal,25,0.0,0.72,15.444444444444445
CON8-1,breakdown,ph_match,25,0.0,0.68,16.176470588235293
CON8-1,breakdown,bonferroni,25,0.0,0.68,16.176470588235293
CON8-1,breakdown,periodic,25,0.0,1.0,21.0
CON8-2,none,tempo2,25,0.04,,
CON8-2,none,tempo1,25,0.0,,
CON8-2,none,tempo_flat,25,0.0,,
CON8-2,none,cusum_cal,25,0.2,,
CON8-2,none,cusum_match,25,0.04,,
CON8-2,none,ph_cal,25,0.12,,
CON8-2,none,ph_match,25,0.08,,
CON8-2,none,bonferroni,25,0.04,,
CON8-2,none,periodic,25,1.0,,
CON8-2,traffic,tempo2,25,0.0,0.92,16.08695652173913
CON8-2,traffic,tempo1,25,0.0,0.2,11.8
CON8-2,traffic,tempo_flat,25,0.0,0.48,14.0
CON8-2,traffic,cusum_cal,25,0.0,0.96,12.5
CON8-2,traffic,cusum_match,25,0.0,0.96,16.041666666666668
CON8-2,traffic,ph_cal,25,0.0,0.68,14.764705882352942
CON8-2,traffic,ph_match,25,0.0,0.48,15.0
CON8-2,traffic,bonferroni,25,0.0,0.96,23.083333333333332
CON8-2,traffic,periodic,25,0.0,1.0,33.12
CON8-2,demand,tempo2,25,0.04,0.2,19.4
CON8-2,demand,tempo1,25,0.04,0.0,
CON8-2,demand,tempo_flat,25,0.04,0.0,
CON8-2,demand,cusum_cal,25,0.04,0.32,18.75
CON8-2,demand,cusum_match,25,0.04,0.28,20.0
CON8-2,demand,ph_cal,25,0.04,0.24,15.833333333333334
CON8-2,demand,ph_match,25,0.04,0.12,23.0
CON8-2,demand,bonferroni,25,0.04,0.28,22.428571428571427
CON8-2,demand,periodic,25,0.04,0.96,31.0
CON8-2,accident,tempo2,25,0.0,0.32,14.25
CON8-2,accident,tempo1,25,0.0,0.4,14.0
CON8-2,accident,tempo_flat,25,0.0,0.36,12.666666666666666
CON8-2,accident,cusum_cal,25,0.0,0.8,14.0
CON8-2,accident,cusum_match,25,0.0,0.64,13.75
CON8-2,accident,ph_cal,25,0.0,0.52,13.76923076923077
CON8-2,accident,ph_match,25,0.0,0.44,15.181818181818182
CON8-2,accident,bonferroni,25,0.0,0.64,21.75
CON8-2,accident,periodic,25,0.0,1.0,33.0
CON8-2,dwell,tempo2,25,0.04,0.96,8.583333333333334
CON8-2,dwell,tempo1,25,0.0,0.52,11.615384615384615
CON8-2,dwell,tempo_flat,25,0.0,0.76,14.473684210526315
CON8-2,dwell,cusum_cal,25,0.04,0.96,7.333333333333333
CON8-2,dwell,cusum_match,25,0.04,0.96,9.375
CON8-2,dwell,ph_cal,25,0.04,0.96,12.708333333333334
CON8-2,dwell,ph_match,25,0.0,0.88,15.227272727272727
CON8-2,dwell,bonferroni,25,0.0,1.0,12.8
CON8-2,dwell,periodic,25,0.0,1.0,30.4
CON8-2,breakdown,tempo2,25,0.0,0.8,12.5
CON8-2,breakdown,tempo1,25,0.0,0.8,12.5
CON8-2,breakdown,tempo_flat,25,0.0,0.8,12.5
CON8-2,breakdown,cusum_cal,25,0.0,0.84,12.333333333333334
CON8-2,breakdown,cusum_match,25,0.0,0.84,12.333333333333334
CON8-2,breakdown,ph_cal,25,0.0,0.84,12.238095238095237
CON8-2,breakdown,ph_match,25,0.0,0.8,12.5
CON8-2,breakdown,bonferroni,25,0.0,0.84,12.476190476190476
CON8-2,breakdown,periodic,25,0.0,1.0,16.4
CON8-3,none,tempo2,25,0.12,,
CON8-3,none,tempo1,25,0.04,,
CON8-3,none,tempo_flat,25,0.08,,
CON8-3,none,cusum_cal,25,0.16,,
CON8-3,none,cusum_match,25,0.08,,
CON8-3,none,ph_cal,25,0.24,,
CON8-3,none,ph_match,25,0.08,,
CON8-3,none,bonferroni,25,0.2,,
CON8-3,none,periodic,25,1.0,,
CON8-3,traffic,tempo2,25,0.0,1.0,19.36
CON8-3,traffic,tempo1,25,0.0,0.12,19.0
CON8-3,traffic,tempo_flat,25,0.0,0.2,21.2
CON8-3,traffic,cusum_cal,25,0.0,1.0,17.8
CON8-3,traffic,cusum_match,25,0.0,0.28,34.57142857142857
CON8-3,traffic,ph_cal,25,0.0,0.6,19.6
CON8-3,traffic,ph_match,25,0.0,0.04,37.0
CON8-3,traffic,bonferroni,25,0.0,1.0,26.0
CON8-3,traffic,periodic,25,0.0,1.0,34.0
CON8-3,demand,tempo2,25,0.0,0.28,20.428571428571427
CON8-3,demand,tempo1,25,0.0,0.0,
CON8-3,demand,tempo_flat,25,0.0,0.08,12.0
CON8-3,demand,cusum_cal,25,0.0,0.52,24.076923076923077
CON8-3,demand,cusum_match,25,0.0,0.0,
CON8-3,demand,ph_cal,25,0.0,0.32,21.0
CON8-3,demand,ph_match,25,0.0,0.0,
CON8-3,demand,bonferroni,25,0.0,0.52,24.846153846153847
CON8-3,demand,periodic,25,0.0,1.0,31.2
CON8-3,accident,tempo2,25,0.0,0.36,18.88888888888889
CON8-3,accident,tempo1,25,0.0,0.44,19.363636363636363
CON8-3,accident,tempo_flat,25,0.0,0.36,18.22222222222222
CON8-3,accident,cusum_cal,25,0.0,0.84,15.952380952380953
CON8-3,accident,cusum_match,25,0.0,0.32,26.25
CON8-3,accident,ph_cal,25,0.0,0.72,16.5
CON8-3,accident,ph_match,25,0.0,0.12,34.333333333333336
CON8-3,accident,bonferroni,25,0.0,0.76,20.36842105263158
CON8-3,accident,periodic,25,0.0,1.0,33.0
CON8-3,dwell,tempo2,25,0.04,0.96,6.666666666666667
CON8-3,dwell,tempo1,25,0.04,0.72,17.38888888888889
CON8-3,dwell,tempo_flat,25,0.04,0.92,17.391304347826086
CON8-3,dwell,cusum_cal,25,0.04,0.96,7.708333333333333
CON8-3,dwell,cusum_match,25,0.04,0.96,23.75
CON8-3,dwell,ph_cal,25,0.04,0.96,12.75
CON8-3,dwell,ph_match,25,0.04,0.52,26.0
CON8-3,dwell,bonferroni,25,0.04,0.96,10.0
CON8-3,dwell,periodic,25,0.04,0.96,30.0
CON8-3,breakdown,tempo2,25,0.0,0.6,19.0
CON8-3,breakdown,tempo1,25,0.04,0.6,19.0
CON8-3,breakdown,tempo_flat,25,0.04,0.6,19.0
CON8-3,breakdown,cusum_cal,25,0.04,0.6,19.0
CON8-3,breakdown,cusum_match,25,0.0,0.6,19.0
CON8-3,breakdown,ph_cal,25,0.04,0.6,19.0
CON8-3,breakdown,ph_match,25,0.0,0.6,19.0
CON8-3,breakdown,bonferroni,25,0.0,0.64,18.5625
CON8-3,breakdown,periodic,25,0.0,1.0,24.2
CON8-4,none,tempo2,25,0.0,,
CON8-4,none,tempo1,25,0.0,,
CON8-4,none,tempo_flat,25,0.0,,
CON8-4,none,cusum_cal,25,0.04,,
CON8-4,none,cusum_match,25,0.0,,
CON8-4,none,ph_cal,25,0.04,,
CON8-4,none,ph_match,25,0.04,,
CON8-4,none,bonferroni,25,0.12,,
CON8-4,none,periodic,25,1.0,,
CON8-4,traffic,tempo2,25,0.0,1.0,18.2
CON8-4,traffic,tempo1,25,0.0,0.16,22.0
CON8-4,traffic,tempo_flat,25,0.0,0.24,22.0
CON8-4,traffic,cusum_cal,25,0.0,1.0,17.72
CON8-4,traffic,cusum_match,25,0.0,1.0,20.12
CON8-4,traffic,ph_cal,25,0.0,0.72,20.77777777777778
CON8-4,traffic,ph_match,25,0.0,0.32,29.375
CON8-4,traffic,bonferroni,25,0.0,0.96,20.166666666666668
CON8-4,traffic,periodic,25,0.0,1.0,33.52
CON8-4,demand,tempo2,25,0.0,0.44,29.181818181818183
CON8-4,demand,tempo1,25,0.0,0.0,
CON8-4,demand,tempo_flat,25,0.0,0.0,
CON8-4,demand,cusum_cal,25,0.0,0.48,25.416666666666668
CON8-4,demand,cusum_match,25,0.0,0.44,28.181818181818183
CON8-4,demand,ph_cal,25,0.0,0.36,26.77777777777778
CON8-4,demand,ph_match,25,0.0,0.16,29.25
CON8-4,demand,bonferroni,25,0.0,0.44,25.545454545454547
CON8-4,demand,periodic,25,0.0,1.0,31.0
CON8-4,accident,tempo2,25,0.0,0.32,20.125
CON8-4,accident,tempo1,25,0.04,0.4,20.1
CON8-4,accident,tempo_flat,25,0.04,0.32,20.125
CON8-4,accident,cusum_cal,25,0.0,0.8,18.05
CON8-4,accident,cusum_match,25,0.0,0.72,18.38888888888889
CON8-4,accident,ph_cal,25,0.04,0.72,20.72222222222222
CON8-4,accident,ph_match,25,0.0,0.44,19.272727272727273
CON8-4,accident,bonferroni,25,0.0,0.68,21.11764705882353
CON8-4,accident,periodic,25,0.0,1.0,32.12
CON8-4,dwell,tempo2,25,0.0,1.0,8.2
CON8-4,dwell,tempo1,25,0.0,0.88,17.136363636363637
CON8-4,dwell,tempo_flat,25,0.0,0.96,15.875
CON8-4,dwell,cusum_cal,25,0.0,1.0,10.0
CON8-4,dwell,cusum_match,25,0.0,1.0,11.0
CON8-4,dwell,ph_cal,25,0.0,0.96,12.458333333333334
CON8-4,dwell,ph_match,25,0.0,0.88,16.90909090909091
CON8-4,dwell,bonferroni,25,0.0,1.0,10.8
CON8-4,dwell,periodic,25,0.0,1.0,30.0
CON8-4,breakdown,tempo2,25,0.0,0.64,15.9375
CON8-4,breakdown,tempo1,25,0.0,0.64,15.9375
CON8-4,breakdown,tempo_flat,25,0.0,0.64,15.9375
CON8-4,breakdown,cusum_cal,25,0.0,0.68,15.764705882352942
CON8-4,breakdown,cusum_match,25,0.0,0.64,15.5625
CON8-4,breakdown,ph_cal,25,0.0,0.64,15.5625
CON8-4,breakdown,ph_match,25,0.0,0.64,15.9375
CON8-4,breakdown,bonferroni,25,0.0,0.64,15.9375
CON8-4,breakdown,periodic,25,0.0,1.0,21.6
CON8-5,none,tempo2,25,0.04,,
CON8-5,none,tempo1,25,0.0,,
CON8-5,none,tempo_flat,25,0.0,,
CON8-5,none,cusum_cal,25,0.08,,
CON8-5,none,cusum_match,25,0.04,,
CON8-5,none,ph_cal,25,0.08,,
CON8-5,none,ph_match,25,0.04,,
CON8-5,none,bonferroni,25,0.16,,
CON8-5,none,periodic,25,1.0,,
CON8-5,traffic,tempo2,25,0.0,0.92,17.565217391304348
CON8-5,traffic,tempo1,25,0.0,0.24,17.5
CON8-5,traffic,tempo_flat,25,0.0,0.32,19.375
CON8-5,traffic,cusum_cal,25,0.0,1.0,16.0
CON8-5,traffic,cusum_match,25,0.0,0.36,32.77777777777778
CON8-5,traffic,ph_cal,25,0.0,0.64,18.6875
CON8-5,traffic,ph_match,25,0.0,0.08,33.0
CON8-5,traffic,bonferroni,25,0.0,0.96,22.333333333333332
CON8-5,traffic,periodic,25,0.0,1.0,34.0
CON8-5,demand,tempo2,25,0.0,0.24,29.833333333333332
CON8-5,demand,tempo1,25,0.0,0.04,19.0
CON8-5,demand,tempo_flat,25,0.0,0.04,19.0
CON8-5,demand,cusum_cal,25,0.0,0.44,24.0
CON8-5,demand,cusum_match,25,0.0,0.04,19.0
CON8-5,demand,ph_cal,25,0.0,0.2,26.2
CON8-5,demand,ph_match,25,0.0,0.04,19.0
CON8-5,demand,bonferroni,25,0.0,0.48,27.666666666666668
CON8-5,demand,periodic,25,0.0,1.0,30.52
CON8-5,accident,tempo2,25,0.0,0.36,17.22222222222222
CON8-5,accident,tempo1,25,0.0,0.48,10.0
CON8-5,accident,tempo_flat,25,0.0,0.44,10.636363636363637
CON8-5,accident,cusum_cal,25,0.0,0.92,15.217391304347826
CON8-5,accident,cusum_match,25,0.0,0.4,24.0
CON8-5,accident,ph_cal,25,0.0,0.52,15.307692307692308
CON8-5,accident,ph_match,25,0.0,0.2,19.6
CON8-5,accident,bonferroni,25,0.0,0.72,19.666666666666668
CON8-5,accident,periodic,25,0.0,1.0,33.0
CON8-5,dwell,tempo2,25,0.0,1.0,7.16
CON8-5,dwell,tempo1,25,0.0,0.92,19.17391304347826
CON8-5,dwell,tempo_flat,25,0.0,0.92,15.695652173913043
CON8-5,dwell,cusum_cal,25,0.0,1.0,7.4
CON8-5,dwell,cusum_match,25,0.0,1.0,20.2
CON8-5,dwell,ph_cal,25,0.0,0.96,14.583333333333334
CON8-5,dwell,ph_match,25,0.0,0.72,25.5
CON8-5,dwell,bonferroni,25,0.0,1.0,10.8
CON8-5,dwell,periodic,25,0.0,1.0,30.0
CON8-5,breakdown,tempo2,25,0.0,0.6,15.666666666666666
CON8-5,breakdown,tempo1,25,0.0,0.6,15.6
CON8-5,breakdown,tempo_flat,25,0.0,0.6,15.6
CON8-5,breakdown,cusum_cal,25,0.0,0.6,15.666666666666666
CON8-5,breakdown,cusum_match,25,0.0,0.6,15.666666666666666
CON8-5,breakdown,ph_cal,25,0.0,0.6,15.466666666666667
CON8-5,breakdown,ph_match,25,0.0,0.6,15.666666666666666
CON8-5,breakdown,bonferroni,25,0.0,0.6,15.666666666666666
CON8-5,breakdown,periodic,25,0.0,1.0,22.08
CON8-6,none,tempo2,25,0.04,,
CON8-6,none,tempo1,25,0.04,,
CON8-6,none,tempo_flat,25,0.04,,
CON8-6,none,cusum_cal,25,0.04,,
CON8-6,none,cusum_match,25,0.0,,
CON8-6,none,ph_cal,25,0.04,,
CON8-6,none,ph_match,25,0.0,,
CON8-6,none,bonferroni,25,0.04,,
CON8-6,none,periodic,25,1.0,,
CON8-6,traffic,tempo2,25,0.04,0.84,16.904761904761905
CON8-6,traffic,tempo1,25,0.04,0.28,15.0
CON8-6,traffic,tempo_flat,25,0.04,0.32,11.875
CON8-6,traffic,cusum_cal,25,0.04,0.8,19.85
CON8-6,traffic,cusum_match,25,0.04,0.04,32.0
CON8-6,traffic,ph_cal,25,0.04,0.32,17.75
CON8-6,traffic,ph_match,25,0.04,0.04,32.0
CON8-6,traffic,bonferroni,25,0.04,0.96,23.083333333333332
CON8-6,traffic,periodic,25,0.04,0.96,33.916666666666664
CON8-6,demand,tempo2,25,0.0,0.16,26.25
CON8-6,demand,tempo1,25,0.04,0.0,
CON8-6,demand,tempo_flat,25,0.04,0.0,
CON8-6,demand,cusum_cal,25,0.0,0.16,20.75
CON8-6,demand,cusum_match,25,0.0,0.0,
CON8-6,demand,ph_cal,25,0.0,0.16,17.5
CON8-6,demand,ph_match,25,0.0,0.0,
CON8-6,demand,bonferroni,25,0.0,0.44,21.90909090909091
CON8-6,demand,periodic,25,0.0,1.0,31.0
CON8-6,accident,tempo2,25,0.0,0.44,23.363636363636363
CON8-6,accident,tempo1,25,0.0,0.6,18.266666666666666
CON8-6,accident,tempo_flat,25,0.0,0.44,18.636363636363637
CON8-6,accident,cusum_cal,25,0.0,0.68,20.0
CON8-6,accident,cusum_match,25,0.0,0.0,
CON8-6,accident,ph_cal,25,0.0,0.48,18.166666666666668
CON8-6,accident,ph_match,25,0.0,0.0,
CON8-6,accident,bonferroni,25,0.0,0.76,27.736842105263158
CON8-6,accident,periodic,25,0.0,1.0,33.0
CON8-6,dwell,tempo2,25,0.0,1.0,9.68
CON8-6,dwell,tempo1,25,0.0,0.6,14.066666666666666
CON8-6,dwell,tempo_flat,25,0.0,0.76,15.736842105263158
CON8-6,dwell,cusum_cal,25,0.0,1.0,12.4
CON8-6,dwell,cusum_match,25,0.0,0.04,30.0
CON8-6,dwell,ph_cal,25,0.0,0.84,17.61904761904762
CON8-6,dwell,ph_match,25,0.0,0.0,
CON8-6,dwell,bonferroni,25,0.0,1.0,11.6
CON8-6,dwell,periodic,25,0.0,1.0,30.0
CON8-6,breakdown,tempo2,25,0.08,0.44,10.454545454545455
CON8-6,breakdown,tempo1,25,0.08,0.44,10.454545454545455
CON8-6,breakdown,tempo_flat,25,0.08,0.44,10.454545454545455
CON8-6,breakdown,cusum_cal,25,0.08,0.44,10.454545454545455
CON8-6,breakdown,cusum_match,25,0.08,0.44,10.454545454545455
CON8-6,breakdown,ph_cal,25,0.08,0.44,10.454545454545455
CON8-6,breakdown,ph_match,25,0.08,0.44,10.454545454545455
CON8-6,breakdown,bonferroni,25,0.08,0.44,10.454545454545455
CON8-6,breakdown,periodic,25,0.08,0.92,21.695652173913043
CON8-7,none,tempo2,25,0.0,,
CON8-7,none,tempo1,25,0.0,,
CON8-7,none,tempo_flat,25,0.0,,
CON8-7,none,cusum_cal,25,0.08,,
CON8-7,none,cusum_match,25,0.04,,
CON8-7,none,ph_cal,25,0.08,,
CON8-7,none,ph_match,25,0.04,,
CON8-7,none,bonferroni,25,0.08,,
CON8-7,none,periodic,25,1.0,,
CON8-7,traffic,tempo2,25,0.0,0.88,14.545454545454545
CON8-7,traffic,tempo1,25,0.0,0.08,15.5
CON8-7,traffic,tempo_flat,25,0.0,0.12,11.666666666666666
CON8-7,traffic,cusum_cal,25,0.0,1.0,14.2
CON8-7,traffic,cusum_match,25,0.0,0.96,16.875
CON8-7,traffic,ph_cal,25,0.0,0.52,15.23076923076923
CON8-7,traffic,ph_match,25,0.0,0.32,20.625
CON8-7,traffic,bonferroni,25,0.0,1.0,23.6
CON8-7,traffic,periodic,25,0.0,1.0,34.0
CON8-7,demand,tempo2,25,0.0,0.16,20.25
CON8-7,demand,tempo1,25,0.0,0.0,
CON8-7,demand,tempo_flat,25,0.0,0.04,13.0
CON8-7,demand,cusum_cal,25,0.0,0.48,21.083333333333332
CON8-7,demand,cusum_match,25,0.0,0.28,22.142857142857142
CON8-7,demand,ph_cal,25,0.0,0.16,16.0
CON8-7,demand,ph_match,25,0.0,0.12,20.0
CON8-7,demand,bonferroni,25,0.0,0.44,23.727272727272727
CON8-7,demand,periodic,25,0.0,1.0,31.0
CON8-7,accident,tempo2,25,0.0,0.52,16.76923076923077
CON8-7,accident,tempo1,25,0.0,0.56,14.857142857142858
CON8-7,accident,tempo_flat,25,0.0,0.48,13.916666666666666
CON8-7,accident,cusum_cal,25,0.0,0.88,12.045454545454545
CON8-7,accident,cusum_match,25,0.0,0.88,14.318181818181818
CON8-7,accident,ph_cal,25,0.0,0.72,13.5
CON8-7,accident,ph_match,25,0.0,0.68,17.235294117647058
CON8-7,accident,bonferroni,25,0.0,0.88,21.181818181818183
CON8-7,accident,periodic,25,0.0,1.0,33.0
CON8-7,dwell,tempo2,25,0.0,1.0,7.92
CON8-7,dwell,tempo1,25,0.0,0.6,15.933333333333334
CON8-7,dwell,tempo_flat,25,0.0,0.84,15.333333333333334
CON8-7,dwell,cusum_cal,25,0.0,1.0,7.72
CON8-7,dwell,cusum_match,25,0.0,1.0,9.12
CON8-7,dwell,ph_cal,25,0.0,0.96,13.458333333333334
CON8-7,dwell,ph_match,25,0.0,0.84,15.952380952380953
CON8-7,dwell,bonferroni,25,0.0,1.0,11.52
CON8-7,dwell,periodic,25,0.0,1.0,29.12
CON8-7,breakdown,tempo2,25,0.0,0.44,11.363636363636363
CON8-7,breakdown,tempo1,25,0.0,0.44,11.363636363636363
CON8-7,breakdown,tempo_flat,25,0.0,0.44,11.363636363636363
CON8-7,breakdown,cusum_cal,25,0.0,0.48,12.833333333333334
CON8-7,breakdown,cusum_match,25,0.0,0.44,11.363636363636363
CON8-7,breakdown,ph_cal,25,0.0,0.56,13.214285714285714
CON8-7,breakdown,ph_match,25,0.0,0.44,11.363636363636363
CON8-7,breakdown,bonferroni,25,0.0,0.44,11.363636363636363
CON8-7,breakdown,periodic,25,0.0,1.0,22.92
CON8-8,none,tempo2,25,0.0,,
CON8-8,none,tempo1,25,0.04,,
CON8-8,none,tempo_flat,25,0.0,,
CON8-8,none,cusum_cal,25,0.04,,
CON8-8,none,cusum_match,25,0.04,,
CON8-8,none,ph_cal,25,0.12,,
CON8-8,none,ph_match,25,0.08,,
CON8-8,none,bonferroni,25,0.04,,
CON8-8,none,periodic,25,1.0,,
CON8-8,traffic,tempo2,25,0.0,0.96,22.083333333333332
CON8-8,traffic,tempo1,25,0.04,0.08,25.0
CON8-8,traffic,tempo_flat,25,0.04,0.08,20.0
CON8-8,traffic,cusum_cal,25,0.0,0.92,19.130434782608695
CON8-8,traffic,cusum_match,25,0.0,0.92,23.695652173913043
CON8-8,traffic,ph_cal,25,0.0,0.56,23.357142857142858
CON8-8,traffic,ph_match,25,0.0,0.48,28.416666666666668
CON8-8,traffic,bonferroni,25,0.0,0.96,26.5
CON8-8,traffic,periodic,25,0.0,1.0,34.0
CON8-8,demand,tempo2,25,0.04,0.16,22.5
CON8-8,demand,tempo1,25,0.04,0.04,29.0
CON8-8,demand,tempo_flat,25,0.04,0.04,29.0
CON8-8,demand,cusum_cal,25,0.04,0.28,30.285714285714285
CON8-8,demand,cusum_match,25,0.04,0.12,33.0
CON8-8,demand,ph_cal,25,0.04,0.2,24.6
CON8-8,demand,ph_match,25,0.04,0.08,27.0
CON8-8,demand,bonferroni,25,0.04,0.32,30.75
CON8-8,demand,periodic,25,0.04,0.96,30.916666666666668
CON8-8,accident,tempo2,25,0.0,0.4,17.2
CON8-8,accident,tempo1,25,0.04,0.56,15.214285714285714
CON8-8,accident,tempo_flat,25,0.04,0.52,19.076923076923077
CON8-8,accident,cusum_cal,25,0.0,0.88,14.772727272727273
CON8-8,accident,cusum_match,25,0.0,0.8,17.0
CON8-8,accident,ph_cal,25,0.0,0.76,14.947368421052632
CON8-8,accident,ph_match,25,0.0,0.68,18.294117647058822
CON8-8,accident,bonferroni,25,0.0,0.84,23.476190476190474
CON8-8,accident,periodic,25,0.0,1.0,33.0
CON8-8,dwell,tempo2,25,0.0,1.0,7.6
CON8-8,dwell,tempo1,25,0.0,0.88,18.136363636363637
CON8-8,dwell,tempo_flat,25,0.0,0.96,16.833333333333332
CON8-8,dwell,cusum_cal,25,0.0,1.0,8.08
CON8-8,dwell,cusum_match,25,0.0,1.0,12.0
CON8-8,dwell,ph_cal,25,0.04,0.88,12.0
CON8-8,dwell,ph_match,25,0.0,0.88,14.681818181818182
CON8-8,dwell,bonferroni,25,0.0,1.0,11.0
CON8-8,dwell,periodic,25,0.0,1.0,30.2
CON8-8,breakdown,tempo2,25,0.0,0.52,9.23076923076923
CON8-8,breakdown,tempo1,25,0.0,0.52,9.23076923076923
CON8-8,breakdown,tempo_flat,25,0.0,0.52,9.23076923076923
CON8-8,breakdown,cusum_cal,25,0.0,0.52,9.23076923076923
CON8-8,breakdown,cusum_match,25,0.0,0.52,9.23076923076923
CON8-8,breakdown,ph_cal,25,0.0,0.52,9.23076923076923
CON8-8,breakdown,ph_match,25,0.0,0.52,9.23076923076923
CON8-8,breakdown,bonferroni,25,0.0,0.52,9.23076923076923
CON8-8,breakdown,periodic,25,0.0,1.0,20.04
CON8-9,none,tempo2,25,0.0,,
CON8-9,none,tempo1,25,0.0,,
CON8-9,none,tempo_flat,25,0.04,,
CON8-9,none,cusum_cal,25,0.04,,
CON8-9,none,cusum_match,25,0.04,,
CON8-9,none,ph_cal,25,0.08,,
CON8-9,none,ph_match,25,0.0,,
CON8-9,none,bonferroni,25,0.0,,
CON8-9,none,periodic,25,1.0,,
CON8-9,traffic,tempo2,25,0.0,0.92,18.217391304347824
CON8-9,traffic,tempo1,25,0.0,0.28,14.571428571428571
CON8-9,traffic,tempo_flat,25,0.0,0.32,15.625
CON8-9,traffic,cusum_cal,25,0.0,0.96,15.125
CON8-9,traffic,cusum_match,25,0.0,0.96,19.5
CON8-9,traffic,ph_cal,25,0.0,0.52,16.076923076923077
CON8-9,traffic,ph_match,25,0.0,0.36,18.444444444444443
CON8-9,traffic,bonferroni,25,0.0,0.96,21.625
CON8-9,traffic,periodic,25,0.0,1.0,33.32
CON8-9,demand,tempo2,25,0.0,0.2,25.6
CON8-9,demand,tempo1,25,0.04,0.0,
CON8-9,demand,tempo_flat,25,0.0,0.04,27.0
CON8-9,demand,cusum_cal,25,0.04,0.36,22.333333333333332
CON8-9,demand,cusum_match,25,0.0,0.24,26.333333333333332
CON8-9,demand,ph_cal,25,0.0,0.2,20.2
CON8-9,demand,ph_match,25,0.0,0.08,24.5
CON8-9,demand,bonferroni,25,0.0,0.44,26.0
CON8-9,demand,periodic,25,0.0,1.0,31.2
CON8-9,accident,tempo2,25,0.0,0.2,20.6
CON8-9,accident,tempo1,25,0.0,0.4,15.2
CON8-9,accident,tempo_flat,25,0.0,0.32,17.25
CON8-9,accident,cusum_cal,25,0.0,0.8,9.75
CON8-9,accident,cusum_match,25,0.0,0.6,11.666666666666666
CON8-9,accident,ph_cal,25,0.0,0.6,14.466666666666667
CON8-9,accident,ph_match,25,0.0,0.32,24.375
CON8-9,accident,bonferroni,25,0.0,0.72,15.222222222222221
CON8-9,accident,periodic,25,0.0,1.0,33.0
CON8-9,dwell,tempo2,25,0.04,0.96,9.0
CON8-9,dwell,tempo1,25,0.04,0.64,19.0
CON8-9,dwell,tempo_flat,25,0.04,0.84,18.142857142857142
CON8-9,dwell,cusum_cal,25,0.04,0.96,8.75
CON8-9,dwell,cusum_match,25,0.04,0.96,11.458333333333334
CON8-9,dwell,ph_cal,25,0.04,0.84,15.428571428571429
CON8-9,dwell,ph_match,25,0.04,0.72,20.38888888888889
CON8-9,dwell,bonferroni,25,0.04,0.96,11.458333333333334
CON8-9,dwell,periodic,25,0.04,0.96,30.125
CON8-9,breakdown,tempo2,25,0.0,0.52,10.76923076923077
CON8-9,breakdown,tempo1,25,0.0,0.52,10.76923076923077
CON8-9,breakdown,tempo_flat,25,0.0,0.52,10.76923076923077
CON8-9,breakdown,cusum_cal,25,0.0,0.56,10.642857142857142
CON8-9,breakdown,cusum_match,25,0.0,0.52,10.76923076923077
CON8-9,breakdown,ph_cal,25,0.0,0.52,10.76923076923077
CON8-9,breakdown,ph_match,25,0.0,0.52,10.76923076923077
CON8-9,breakdown,bonferroni,25,0.0,0.52,10.76923076923077
CON8-9,breakdown,periodic,25,0.0,1.0,20.96
SCA3-0,none,tempo2,25,0.0,,
SCA3-0,none,tempo1,25,0.0,,
SCA3-0,none,tempo_flat,25,0.0,,
SCA3-0,none,cusum_cal,25,0.0,,
SCA3-0,none,cusum_match,25,0.0,,
SCA3-0,none,ph_cal,25,0.0,,
SCA3-0,none,ph_match,25,0.0,,
SCA3-0,none,bonferroni,25,0.0,,
SCA3-0,none,periodic,25,1.0,,
SCA3-0,traffic,tempo2,25,0.0,1.0,17.0
SCA3-0,traffic,tempo1,25,0.0,0.72,37.05555555555556
SCA3-0,traffic,tempo_flat,25,0.0,0.92,42.08695652173913
SCA3-0,traffic,cusum_cal,25,0.0,1.0,31.28
SCA3-0,traffic,cusum_match,25,0.0,0.96,50.166666666666664
SCA3-0,traffic,ph_cal,25,0.0,0.92,41.869565217391305
SCA3-0,traffic,ph_match,25,0.0,0.24,46.0
SCA3-0,traffic,bonferroni,25,0.0,1.0,20.92
SCA3-0,traffic,periodic,25,0.0,1.0,32.92
SCA3-0,demand,tempo2,25,0.0,0.64,44.25
SCA3-0,demand,tempo1,25,0.0,0.08,24.0
SCA3-0,demand,tempo_flat,25,0.0,0.2,43.8
SCA3-0,demand,cusum_cal,25,0.0,0.44,48.72727272727273
SCA3-0,demand,cusum_match,25,0.0,0.08,24.0
SCA3-0,demand,ph_cal,25,0.0,0.28,48.0
SCA3-0,demand,ph_match,25,0.0,0.08,24.0
SCA3-0,demand,bonferroni,25,0.0,0.88,37.95454545454545
SCA3-0,demand,periodic,25,0.0,1.0,30.72
SCA3-0,accident,tempo2,25,0.04,0.32,40.625
SCA3-0,accident,tempo1,25,0.04,0.36,27.444444444444443
SCA3-0,accident,tempo_flat,25,0.04,0.24,26.666666666666668
SCA3-0,accident,cusum_cal,25,0.04,0.64,35.3125
SCA3-0,accident,cusum_match,25,0.04,0.36,45.0
SCA3-0,accident,ph_cal,25,0.04,0.6,38.86666666666667
SCA3-0,accident,ph_match,25,0.04,0.12,55.0
SCA3-0,accident,bonferroni,25,0.04,0.8,33.0
SCA3-0,accident,periodic,25,0.04,0.96,33.0
SCA3-0,dwell,tempo2,25,0.0,1.0,5.88
SCA3-0,dwell,tempo1,25,0.0,1.0,15.48
SCA3-0,dwell,tempo_flat,25,0.0,1.0,15.44
SCA3-0,dwell,cusum_cal,25,0.0,1.0,16.2
SCA3-0,dwell,cusum_match,25,0.0,1.0,27.8
SCA3-0,dwell,ph_cal,25,0.0,1.0,22.92
SCA3-0,dwell,ph_match,25,0.0,0.88,47.18181818181818
SCA3-0,dwell,bonferroni,25,0.0,1.0,11.0
SCA3-0,dwell,periodic,25,0.0,1.0,30.2
SCA3-0,breakdown,tempo2,25,0.04,0.84,21.904761904761905
SCA3-0,breakdown,tempo1,25,0.04,0.84,21.904761904761905
SCA3-0,breakdown,tempo_flat,25,0.04,0.84,21.904761904761905
SCA3-0,breakdown,cusum_cal,25,0.04,0.84,21.904761904761905
SCA3-0,breakdown,cusum_match,25,0.04,0.84,21.904761904761905
SCA3-0,breakdown,ph_cal,25,0.04,0.84,21.904761904761905
SCA3-0,breakdown,ph_match,25,0.04,0.84,21.904761904761905
SCA3-0,breakdown,bonferroni,25,0.04,0.84,20.666666666666668
SCA3-0,breakdown,periodic,25,0.04,0.96,19.416666666666668
SCA3-1,none,tempo2,25,0.0,,
SCA3-1,none,tempo1,25,0.0,,
SCA3-1,none,tempo_flat,25,0.0,,
SCA3-1,none,cusum_cal,25,0.08,,
SCA3-1,none,cusum_match,25,0.04,,
SCA3-1,none,ph_cal,25,0.04,,
SCA3-1,none,ph_match,25,0.04,,
SCA3-1,none,bonferroni,25,0.08,,
SCA3-1,none,periodic,25,1.0,,
SCA3-1,traffic,tempo2,25,0.0,1.0,17.88
SCA3-1,traffic,tempo1,25,0.0,0.68,35.11764705882353
SCA3-1,traffic,tempo_flat,25,0.0,0.6,32.266666666666666
SCA3-1,traffic,cusum_cal,25,0.0,1.0,25.0
SCA3-1,traffic,cusum_match,25,0.0,0.96,55.0
SCA3-1,traffic,ph_cal,25,0.0,0.92,36.130434782608695
SCA3-1,traffic,ph_match,25,0.0,0.4,46.9
SCA3-1,traffic,bonferroni,25,0.0,1.0,22.8
SCA3-1,traffic,periodic,25,0.0,1.0,34.0
SCA3-1,demand,tempo2,25,0.0,0.72,49.833333333333336
SCA3-1,demand,tempo1,25,0.0,0.12,47.333333333333336
SCA3-1,demand,tempo_flat,25,0.0,0.08,49.5
SCA3-1,demand,cusum_cal,25,0.0,0.72,54.0
SCA3-1,demand,cusum_match,25,0.0,0.08,62.0
SCA3-1,demand,ph_cal,25,0.0,0.44,40.45454545454545
SCA3-1,demand,ph_match,25,0.0,0.12,51.0
SCA3-1,demand,bonferroni,25,0.0,0.92,48.08695652173913
SCA3-1,demand,periodic,25,0.0,1.0,31.4
SCA3-1,accident,tempo2,25,0.0,0.36,44.888888888888886
SCA3-1,accident,tempo1,25,0.0,0.4,39.3
SCA3-1,accident,tempo_flat,25,0.0,0.24,41.0
SCA3-1,accident,cusum_cal,25,0.0,0.76,35.0
SCA3-1,accident,cusum_match,25,0.0,0.36,50.77777777777778
SCA3-1,accident,ph_cal,25,0.0,0.68,39.35294117647059
SCA3-1,accident,ph_match,25,0.0,0.28,45.0
SCA3-1,accident,bonferroni,25,0.0,0.8,38.65
SCA3-1,accident,periodic,25,0.0,1.0,33.0
SCA3-1,dwell,tempo2,25,0.04,0.96,7.625
SCA3-1,dwell,tempo1,25,0.04,0.96,13.5
SCA3-1,dwell,tempo_flat,25,0.04,0.96,12.0
SCA3-1,dwell,cusum_cal,25,0.04,0.96,12.708333333333334
SCA3-1,dwell,cusum_match,25,0.04,0.96,28.541666666666668
SCA3-1,dwell,ph_cal,25,0.04,0.96,14.291666666666666
SCA3-1,dwell,ph_match,25,0.04,0.92,33.34782608695652
SCA3-1,dwell,bonferroni,25,0.04,0.96,11.458333333333334
SCA3-1,dwell,periodic,25,0.04,0.96,30.625
SCA3-1,breakdown,tempo2,25,0.0,0.88,26.818181818181817
SCA3-1,breakdown,tempo1,25,0.0,0.88,26.818181818181817
SCA3-1,breakdown,tempo_flat,25,0.0,0.88,26.818181818181817
SCA3-1,breakdown,cusum_cal,25,0.0,0.88,26.818181818181817
SCA3-1,breakdown,cusum_match,25,0.0,0.88,26.818181818181817
SCA3-1,breakdown,ph_cal,25,0.0,0.88,26.818181818181817
SCA3-1,breakdown,ph_match,25,0.0,0.88,26.818181818181817
SCA3-1,breakdown,bonferroni,25,0.0,0.88,26.818181818181817
SCA3-1,breakdown,periodic,25,0.0,1.0,22.48
SCA3-2,none,tempo2,25,0.08,,
SCA3-2,none,tempo1,25,0.0,,
SCA3-2,none,tempo_flat,25,0.0,,
SCA3-2,none,cusum_cal,25,0.16,,
SCA3-2,none,cusum_match,25,0.16,,
SCA3-2,none,ph_cal,25,0.16,,
SCA3-2,none,ph_match,25,0.16,,
SCA3-2,none,bonferroni,25,0.12,,
SCA3-2,none,periodic,25,1.0,,
SCA3-2,traffic,tempo2,25,0.0,1.0,22.68
SCA3-2,traffic,tempo1,25,0.0,0.28,31.142857142857142
SCA3-2,traffic,tempo_flat,25,0.0,0.4,33.4
SCA3-2,traffic,cusum_cal,25,0.0,1.0,20.32
SCA3-2,traffic,cusum_match,25,0.0,1.0,21.92
SCA3-2,traffic,ph_cal,25,0.0,0.56,29.642857142857142
SCA3-2,traffic,ph_match,25,0.0,0.52,35.23076923076923
SCA3-2,traffic,bonferroni,25,0.0,1.0,25.44
SCA3-2,traffic,periodic,25,0.0,1.0,32.64
SCA3-2,demand,tempo2,25,0.0,0.56,42.357142857142854
SCA3-2,demand,tempo1,25,0.0,0.04,58.0
SCA3-2,demand,tempo_flat,25,0.0,0.12,27.333333333333332
SCA3-2,demand,cusum_cal,25,0.0,0.68,39.76470588235294
SCA3-2,demand,cusum_match,25,0.0,0.6,43.4
SCA3-2,demand,ph_cal,25,0.0,0.36,28.88888888888889
SCA3-2,demand,ph_match,25,0.0,0.36,33.55555555555556
SCA3-2,demand,bonferroni,25,0.0,0.76,37.578947368421055
SCA3-2,demand,periodic,25,0.0,1.0,33.2
SCA3-2,accident,tempo2,25,0.0,0.2,20.2
SCA3-2,accident,tempo1,25,0.0,0.24,21.666666666666668
SCA3-2,accident,tempo_flat,25,0.0,0.2,16.2
SCA3-2,accident,cusum_cal,25,0.0,0.8,28.3
SCA3-2,accident,cusum_match,25,0.0,0.72,29.77777777777778
SCA3-2,accident,ph_cal,25,0.0,0.6,25.533333333333335
SCA3-2,accident,ph_match,25,0.0,0.4,22.1
SCA3-2,accident,bonferroni,25,0.0,0.56,24.285714285714285
SCA3-2,accident,periodic,25,0.0,1.0,32.12
SCA3-2,dwell,tempo2,25,0.0,1.0,6.92
SCA3-2,dwell,tempo1,25,0.0,1.0,14.88
SCA3-2,dwell,tempo_flat,25,0.0,1.0,14.48
SCA3-2,dwell,cusum_cal,25,0.0,1.0,9.4
SCA3-2,dwell,cusum_match,25,0.0,1.0,10.2
SCA3-2,dwell,ph_cal,25,0.0,1.0,14.48
SCA3-2,dwell,ph_match,25,0.0,1.0,17.16
SCA3-2,dwell,bonferroni,25,0.0,1.0,13.4
SCA3-2,dwell,periodic,25,0.0,1.0,33.4
SCA3-2,breakdown,tempo2,25,0.0,0.64,16.0625
SCA3-2,breakdown,tempo1,25,0.0,0.6,16.666666666666668
SCA3-2,breakdown,tempo_flat,25,0.0,0.6,16.666666666666668
SCA3-2,breakdown,cusum_cal,25,0.0,0.64,17.5625
SCA3-2,breakdown,cusum_match,25,0.0,0.64,17.5625
SCA3-2,breakdown,ph_cal,25,0.0,0.6,16.666666666666668
SCA3-2,breakdown,ph_match,25,0.0,0.6,16.666666666666668
SCA3-2,breakdown,bonferroni,25,0.0,0.64,16.375
SCA3-2,breakdown,periodic,25,0.0,1.0,21.24
SCA3-3,none,tempo2,25,0.0,,
SCA3-3,none,tempo1,25,0.04,,
SCA3-3,none,tempo_flat,25,0.0,,
SCA3-3,none,cusum_cal,25,0.04,,
SCA3-3,none,cusum_match,25,0.04,,
SCA3-3,none,ph_cal,25,0.04,,
SCA3-3,none,ph_match,25,0.04,,
SCA3-3,none,bonferroni,25,0.12,,
SCA3-3,none,periodic,25,1.0,,
SCA3-3,traffic,tempo2,25,0.0,1.0,18.56
SCA3-3,traffic,tempo1,25,0.0,0.72,38.666666666666664
SCA3-3,traffic,tempo_flat,25,0.0,0.8,35.05
SCA3-3,traffic,cusum_cal,25,0.0,1.0,31.48
SCA3-3,traffic,cusum_match,25,0.0,0.84,70.33333333333333
SCA3-3,traffic,ph_cal,25,0.0,0.84,33.57142857142857
SCA3-3,traffic,ph_match,25,0.0,0.28,73.28571428571429
SCA3-3,traffic,bonferroni,25,0.0,1.0,25.2
SCA3-3,traffic,periodic,25,0.0,1.0,34.0
SCA3-3,demand,tempo2,25,0.0,0.76,50.21052631578947
SCA3-3,demand,tempo1,25,0.0,0.08,43.0
SCA3-3,demand,tempo_flat,25,0.0,0.16,37.0
SCA3-3,demand,cusum_cal,25,0.0,0.64,57.9375
SCA3-3,demand,cusum_match,25,0.0,0.04,34.0
SCA3-3,demand,ph_cal,25,0.0,0.4,51.9
SCA3-3,demand,ph_match,25,0.0,0.04,34.0
SCA3-3,demand,bonferroni,25,0.0,0.76,43.78947368421053
SCA3-3,demand,periodic,25,0.0,1.0,31.0
SCA3-3,accident,tempo2,25,0.0,0.44,56.81818181818182
SCA3-3,accident,tempo1,25,0.0,0.4,32.4
SCA3-3,accident,tempo_flat,25,0.0,0.28,46.142857142857146
SCA3-3,accident,cusum_cal,25,0.0,0.96,40.625
SCA3-3,accident,cusum_match,25,0.0,0.16,75.25
SCA3-3,accident,ph_cal,25,0.0,0.84,34.23809523809524
SCA3-3,accident,ph_match,25,0.0,0.12,72.0
SCA3-3,accident,bonferroni,25,0.0,0.96,43.833333333333336
SCA3-3,accident,periodic,25,0.0,1.0,33.0
SCA3-3,dwell,tempo2,25,0.0,1.0,6.72
SCA3-3,dwell,tempo1,25,0.0,1.0,16.24
SCA3-3,dwell,tempo_flat,25,0.0,1.0,16.0
SCA3-3,dwell,cusum_cal,25,0.0,1.0,15.8
SCA3-3,dwell,cusum_match,25,0.0,1.0,40.6
SCA3-3,dwell,ph_cal,25,0.0,1.0,19.04
SCA3-3,dwell,ph_match,25,0.0,0.92,51.17391304347826
SCA3-3,dwell,bonferroni,25,0.0,1.0,10.8
SCA3-3,dwell,periodic,25,0.0,1.0,30.0
SCA3-3,breakdown,tempo2,25,0.0,0.88,26.363636363636363
SCA3-3,breakdown,tempo1,25,0.0,0.88,26.045454545454547
SCA3-3,breakdown,tempo_flat,25,0.0,0.88,26.0
SCA3-3,breakdown,cusum_cal,25,0.0,0.92,27.347826086956523
SCA3-3,breakdown,cusum_match,25,0.0,0.88,26.363636363636363
SCA3-3,breakdown,ph_cal,25,0.0,0.92,24.391304347826086
SCA3-3,breakdown,ph_match,25,0.0,0.88,26.363636363636363
SCA3-3,breakdown,bonferroni,25,0.0,0.92,25.608695652173914
SCA3-3,breakdown,periodic,25,0.0,1.0,21.0
SCA3-4,none,tempo2,25,0.0,,
SCA3-4,none,tempo1,25,0.0,,
SCA3-4,none,tempo_flat,25,0.0,,
SCA3-4,none,cusum_cal,25,0.24,,
SCA3-4,none,cusum_match,25,0.12,,
SCA3-4,none,ph_cal,25,0.2,,
SCA3-4,none,ph_match,25,0.12,,
SCA3-4,none,bonferroni,25,0.2,,
SCA3-4,none,periodic,25,1.0,,
SCA3-4,traffic,tempo2,25,0.0,1.0,20.52
SCA3-4,traffic,tempo1,25,0.0,0.64,31.1875
SCA3-4,traffic,tempo_flat,25,0.0,0.72,34.55555555555556
SCA3-4,traffic,cusum_cal,25,0.0,1.0,21.6
SCA3-4,traffic,cusum_match,25,0.0,0.4,63.7
SCA3-4,traffic,ph_cal,25,0.0,0.76,32.68421052631579
SCA3-4,traffic,ph_match,25,0.0,0.08,61.0
SCA3-4,traffic,bonferroni,25,0.0,1.0,25.2
SCA3-4,traffic,periodic,25,0.0,1.0,34.0
SCA3-4,demand,tempo2,25,0.0,0.64,49.0625
SCA3-4,demand,tempo1,25,0.0,0.0,
SCA3-4,demand,tempo_flat,25,0.0,0.12,40.666666666666664
SCA3-4,demand,cusum_cal,25,0.0,0.76,48.89473684210526
SCA3-4,demand,cusum_match,25,0.0,0.0,
SCA3-4,demand,ph_cal,25,0.0,0.24,50.0
SCA3-4,demand,ph_match,25,0.0,0.0,
SCA3-4,demand,bonferroni,25,0.0,0.84,45.285714285714285
SCA3-4,demand,periodic,25,0.0,1.0,32.0
SCA3-4,accident,tempo2,25,0.0,0.44,38.54545454545455
SCA3-4,accident,tempo1,25,0.0,0.4,25.6
SCA3-4,accident,tempo_flat,25,0.0,0.36,41.666666666666664
SCA3-4,accident,cusum_cal,25,0.0,0.8,25.55
SCA3-4,accident,cusum_match,25,0.0,0.28,59.42857142857143
SCA3-4,accident,ph_cal,25,0.0,0.52,29.923076923076923
SCA3-4,accident,ph_match,25,0.0,0.2,60.4
SCA3-4,accident,bonferroni,25,0.0,0.8,32.65
SCA3-4,accident,periodic,25,0.0,1.0,33.0
SCA3-4,dwell,tempo2,25,0.0,1.0,7.96
SCA3-4,dwell,tempo1,25,0.0,1.0,20.88
SCA3-4,dwell,tempo_flat,25,0.0,1.0,21.72
SCA3-4,dwell,cusum_cal,25,0.0,1.0,12.0
SCA3-4,dwell,cusum_match,25,0.0,1.0,42.8
SCA3-4,dwell,ph_cal,25,0.0,1.0,26.64
SCA3-4,dwell,ph_match,25,0.0,0.76,53.89473684210526
SCA3-4,dwell,bonferroni,25,0.0,1.0,11.2
SCA3-4,dwell,periodic,25,0.0,1.0,30.4
SCA3-4,breakdown,tempo2,25,0.0,0.72,24.444444444444443
SCA3-4,breakdown,tempo1,25,0.0,0.72,24.444444444444443
SCA3-4,breakdown,tempo_flat,25,0.0,0.72,24.444444444444443
SCA3-4,breakdown,cusum_cal,25,0.0,0.72,24.444444444444443
SCA3-4,breakdown,cusum_match,25,0.0,0.72,24.444444444444443
SCA3-4,breakdown,ph_cal,25,0.0,0.72,24.444444444444443
SCA3-4,breakdown,ph_match,25,0.0,0.72,24.444444444444443
SCA3-4,breakdown,bonferroni,25,0.0,0.72,24.444444444444443
SCA3-4,breakdown,periodic,25,0.0,1.0,22.88
SCA3-5,none,tempo2,25,0.0,,
SCA3-5,none,tempo1,25,0.0,,
SCA3-5,none,tempo_flat,25,0.0,,
SCA3-5,none,cusum_cal,25,0.04,,
SCA3-5,none,cusum_match,25,0.0,,
SCA3-5,none,ph_cal,25,0.04,,
SCA3-5,none,ph_match,25,0.0,,
SCA3-5,none,bonferroni,25,0.08,,
SCA3-5,none,periodic,25,1.0,,
SCA3-5,traffic,tempo2,25,0.0,1.0,22.4
SCA3-5,traffic,tempo1,25,0.0,0.56,41.5
SCA3-5,traffic,tempo_flat,25,0.0,0.72,42.833333333333336
SCA3-5,traffic,cusum_cal,25,0.0,1.0,28.8
SCA3-5,traffic,cusum_match,25,0.0,0.52,60.53846153846154
SCA3-5,traffic,ph_cal,25,0.0,0.72,46.77777777777778
SCA3-5,traffic,ph_match,25,0.0,0.08,41.5
SCA3-5,traffic,bonferroni,25,0.0,1.0,27.6
SCA3-5,traffic,periodic,25,0.0,1.0,33.72
SCA3-5,demand,tempo2,25,0.0,0.72,40.111111111111114
SCA3-5,demand,tempo1,25,0.0,0.0,
SCA3-5,demand,tempo_flat,25,0.0,0.04,70.0
SCA3-5,demand,cusum_cal,25,0.0,0.52,48.84615384615385
SCA3-5,demand,cusum_match,25,0.0,0.0,
SCA3-5,demand,ph_cal,25,0.0,0.16,64.75
SCA3-5,demand,ph_match,25,0.0,0.0,
SCA3-5,demand,bonferroni,25,0.0,0.92,39.04347826086956
SCA3-5,demand,periodic,25,0.0,1.0,33.0
SCA3-5,accident,tempo2,25,0.0,0.32,48.0
SCA3-5,accident,tempo1,25,0.0,0.28,33.0
SCA3-5,accident,tempo_flat,25,0.0,0.16,31.25
SCA3-5,accident,cusum_cal,25,0.0,0.48,39.166666666666664
SCA3-5,accident,cusum_match,25,0.0,0.24,66.66666666666667
SCA3-5,accident,ph_cal,25,0.0,0.36,43.333333333333336
SCA3-5,accident,ph_match,25,0.0,0.12,61.666666666666664
SCA3-5,accident,bonferroni,25,0.0,0.6,37.0
SCA3-5,accident,periodic,25,0.0,1.0,33.0
SCA3-5,dwell,tempo2,25,0.0,1.0,9.16
SCA3-5,dwell,tempo1,25,0.0,1.0,16.6
SCA3-5,dwell,tempo_flat,25,0.0,1.0,16.08
SCA3-5,dwell,cusum_cal,25,0.0,1.0,15.48
SCA3-5,dwell,cusum_match,25,0.0,1.0,41.04
SCA3-5,dwell,ph_cal,25,0.0,1.0,28.64
SCA3-5,dwell,ph_match,25,0.0,0.84,48.714285714285715
SCA3-5,dwell,bonferroni,25,0.0,1.0,14.6
SCA3-5,dwell,periodic,25,0.0,1.0,32.04
SCA3-5,breakdown,tempo2,25,0.0,0.76,25.263157894736842
SCA3-5,breakdown,tempo1,25,0.0,0.76,25.263157894736842
SCA3-5,breakdown,tempo_flat,25,0.0,0.76,25.263157894736842
SCA3-5,breakdown,cusum_cal,25,0.0,0.76,24.157894736842106
SCA3-5,breakdown,cusum_match,25,0.0,0.76,25.263157894736842
SCA3-5,breakdown,ph_cal,25,0.0,0.76,25.263157894736842
SCA3-5,breakdown,ph_match,25,0.0,0.76,25.263157894736842
SCA3-5,breakdown,bonferroni,25,0.0,0.76,23.263157894736842
SCA3-5,breakdown,periodic,25,0.0,1.0,23.8
SCA3-6,none,tempo2,25,0.0,,
SCA3-6,none,tempo1,25,0.0,,
SCA3-6,none,tempo_flat,25,0.0,,
SCA3-6,none,cusum_cal,25,0.0,,
SCA3-6,none,cusum_match,25,0.0,,
SCA3-6,none,ph_cal,25,0.0,,
SCA3-6,none,ph_match,25,0.0,,
SCA3-6,none,bonferroni,25,0.0,,
SCA3-6,none,periodic,25,1.0,,
SCA3-6,traffic,tempo2,25,0.0,1.0,23.72
SCA3-6,traffic,tempo1,25,0.0,0.44,34.90909090909091
SCA3-6,traffic,tempo_flat,25,0.0,0.52,32.07692307692308
SCA3-6,traffic,cusum_cal,25,0.0,1.0,39.6
SCA3-6,traffic,cusum_match,25,0.0,0.28,64.28571428571429
SCA3-6,traffic,ph_cal,25,0.0,0.4,49.0
SCA3-6,traffic,ph_match,25,0.0,0.04,60.0
SCA3-6,traffic,bonferroni,25,0.0,1.0,31.6
SCA3-6,traffic,periodic,25,0.0,1.0,34.0
SCA3-6,demand,tempo2,25,0.0,0.8,41.95
SCA3-6,demand,tempo1,25,0.0,0.04,2.0
SCA3-6,demand,tempo_flat,25,0.0,0.08,18.0
SCA3-6,demand,cusum_cal,25,0.0,0.36,61.666666666666664
SCA3-6,demand,cusum_match,25,0.0,0.0,
SCA3-6,demand,ph_cal,25,0.0,0.04,45.0
SCA3-6,demand,ph_match,25,0.0,0.0,
SCA3-6,demand,bonferroni,25,0.0,0.88,40.09090909090909
SCA3-6,demand,periodic,25,0.0,1.0,31.0
SCA3-6,accident,tempo2,25,0.0,0.24,52.0
SCA3-6,accident,tempo1,25,0.0,0.28,41.285714285714285
SCA3-6,accident,tempo_flat,25,0.0,0.2,36.4
SCA3-6,accident,cusum_cal,25,0.0,0.48,50.166666666666664
SCA3-6,accident,cusum_match,25,0.0,0.08,41.0
SCA3-6,accident,ph_cal,25,0.0,0.28,50.285714285714285
SCA3-6,accident,ph_match,25,0.0,0.08,41.0
SCA3-6,accident,bonferroni,25,0.0,0.72,37.22222222222222
SCA3-6,accident,periodic,25,0.0,1.0,32.72
SCA3-6,dwell,tempo2,25,0.0,1.0,7.44
SCA3-6,dwell,tempo1,25,0.0,1.0,16.8
SCA3-6,dwell,tempo_flat,25,0.0,1.0,16.6
SCA3-6,dwell,cusum_cal,25,0.0,1.0,17.2
SCA3-6,dwell,cusum_match,25,0.0,1.0,41.6
SCA3-6,dwell,ph_cal,25,0.0,1.0,32.68
SCA3-6,dwell,ph_match,25,0.0,0.6,59.6
SCA3-6,dwell,bonferroni,25,0.0,1.0,10.8
SCA3-6,dwell,periodic,25,0.0,1.0,30.0
SCA3-6,breakdown,tempo2,25,0.0,0.76,28.94736842105263
SCA3-6,breakdown,tempo1,25,0.0,0.76,28.94736842105263
SCA3-6,breakdown,tempo_flat,25,0.0,0.76,28.94736842105263
SCA3-6,breakdown,cusum_cal,25,0.0,0.76,28.94736842105263
SCA3-6,breakdown,cusum_match,25,0.0,0.76,28.94736842105263
SCA3-6,breakdown,ph_cal,25,0.0,0.76,28.94736842105263
SCA3-6,breakdown,ph_match,25,0.0,0.76,28.94736842105263
SCA3-6,breakdown,bonferroni,25,0.0,0.76,28.0
SCA3-6,breakdown,periodic,25,0.0,1.0,25.12
SCA3-7,none,tempo2,25,0.0,,
SCA3-7,none,tempo1,25,0.0,,
SCA3-7,none,tempo_flat,25,0.0,,
SCA3-7,none,cusum_cal,25,0.0,,
SCA3-7,none,cusum_match,25,0.0,,
SCA3-7,none,ph_cal,25,0.04,,
SCA3-7,none,ph_match,25,0.0,,
SCA3-7,none,bonferroni,25,0.0,,
SCA3-7,none,periodic,25,1.0,,
SCA3-7,traffic,tempo2,25,0.0,1.0,21.8
SCA3-7,traffic,tempo1,25,0.0,0.4,26.2
SCA3-7,traffic,tempo_flat,25,0.0,0.48,28.75
SCA3-7,traffic,cusum_cal,25,0.0,1.0,28.4
SCA3-7,traffic,cusum_match,25,0.0,0.56,62.5
SCA3-7,traffic,ph_cal,25,0.0,0.52,36.46153846153846
SCA3-7,traffic,ph_match,25,0.0,0.12,64.66666666666667
SCA3-7,traffic,bonferroni,25,0.0,1.0,23.6
SCA3-7,traffic,periodic,25,0.0,1.0,34.0
SCA3-7,demand,tempo2,25,0.0,0.6,43.2
SCA3-7,demand,tempo1,25,0.0,0.08,21.0
SCA3-7,demand,tempo_flat,25,0.0,0.16,18.25
SCA3-7,demand,cusum_cal,25,0.0,0.48,48.916666666666664
SCA3-7,demand,cusum_match,25,0.0,0.04,4.0
SCA3-7,demand,ph_cal,25,0.0,0.24,25.5
SCA3-7,demand,ph_match,25,0.0,0.04,4.0
SCA3-7,demand,bonferroni,25,0.0,0.88,42.5
SCA3-7,demand,periodic,25,0.0,1.0,29.92
SCA3-7,accident,tempo2,25,0.0,0.4,22.2
SCA3-7,accident,tempo1,25,0.0,0.56,21.571428571428573
SCA3-7,accident,tempo_flat,25,0.0,0.44,20.0
SCA3-7,accident,cusum_cal,25,0.0,0.68,29.764705882352942
SCA3-7,accident,cusum_match,25,0.0,0.2,48.4
SCA3-7,accident,ph_cal,25,0.0,0.52,31.153846153846153
SCA3-7,accident,ph_match,25,0.0,0.12,57.333333333333336
SCA3-7,accident,bonferroni,25,0.0,0.8,28.0
SCA3-7,accident,periodic,25,0.0,1.0,32.92
SCA3-7,dwell,tempo2,25,0.0,1.0,8.4
SCA3-7,dwell,tempo1,25,0.0,1.0,17.48
SCA3-7,dwell,tempo_flat,25,0.0,1.0,16.56
SCA3-7,dwell,cusum_cal,25,0.0,1.0,14.6
SCA3-7,dwell,cusum_match,25,0.0,1.0,38.72
SCA3-7,dwell,ph_cal,25,0.0,1.0,25.72
SCA3-7,dwell,ph_match,25,0.0,0.6,45.6
SCA3-7,dwell,bonferroni,25,0.0,1.0,11.6
SCA3-7,dwell,periodic,25,0.0,1.0,29.52
SCA3-7,breakdown,tempo2,25,0.0,0.92,24.0
SCA3-7,breakdown,tempo1,25,0.0,0.92,24.08695652173913
SCA3-7,breakdown,tempo_flat,25,0.0,0.92,24.217391304347824
SCA3-7,breakdown,cusum_cal,25,0.0,0.88,25.0
SCA3-7,breakdown,cusum_match,25,0.0,0.88,25.0
SCA3-7,breakdown,ph_cal,25,0.0,0.88,25.0
SCA3-7,breakdown,ph_match,25,0.0,0.88,25.0
SCA3-7,breakdown,bonferroni,25,0.0,0.96,21.916666666666668
SCA3-7,breakdown,periodic,25,0.0,1.0,20.52
SCA3-8,none,tempo2,25,0.04,,
SCA3-8,none,tempo1,25,0.0,,
SCA3-8,none,tempo_flat,25,0.0,,
SCA3-8,none,cusum_cal,25,0.04,,
SCA3-8,none,cusum_match,25,0.04,,
SCA3-8,none,ph_cal,25,0.04,,
SCA3-8,none,ph_match,25,0.0,,
SCA3-8,none,bonferroni,25,0.08,,
SCA3-8,none,periodic,25,1.0,,
SCA3-8,traffic,tempo2,25,0.0,1.0,19.16
SCA3-8,traffic,tempo1,25,0.0,0.4,33.8
SCA3-8,traffic,tempo_flat,25,0.0,0.48,35.75
SCA3-8,traffic,cusum_cal,25,0.0,1.0,29.0
SCA3-8,traffic,cusum_match,25,0.0,0.56,66.78571428571429
SCA3-8,traffic,ph_cal,25,0.0,0.64,45.8125
SCA3-8,traffic,ph_match,25,0.0,0.04,61.0
SCA3-8,traffic,bonferroni,25,0.0,1.0,22.0
SCA3-8,traffic,periodic,25,0.0,1.0,34.0
SCA3-8,demand,tempo2,25,0.0,0.6,52.93333333333333
SCA3-8,demand,tempo1,25,0.0,0.04,4.0
SCA3-8,demand,tempo_flat,25,0.0,0.08,22.5
SCA3-8,demand,cusum_cal,25,0.0,0.44,53.54545454545455
SCA3-8,demand,cusum_match,25,0.0,0.04,4.0
SCA3-8,demand,ph_cal,25,0.0,0.2,49.6
SCA3-8,demand,ph_match,25,0.0,0.04,4.0
SCA3-8,demand,bonferroni,25,0.0,0.88,45.22727272727273
SCA3-8,demand,periodic,25,0.0,1.0,29.92
SCA3-8,accident,tempo2,25,0.0,0.16,40.0
SCA3-8,accident,tempo1,25,0.0,0.24,43.0
SCA3-8,accident,tempo_flat,25,0.0,0.04,0.0
SCA3-8,accident,cusum_cal,25,0.0,0.68,53.8235294117647
SCA3-8,accident,cusum_match,25,0.0,0.04,60.0
SCA3-8,accident,ph_cal,25,0.0,0.48,49.583333333333336
SCA3-8,accident,ph_match,25,0.0,0.0,
SCA3-8,accident,bonferroni,25,0.0,0.52,39.15384615384615
SCA3-8,accident,periodic,25,0.0,1.0,33.0
SCA3-8,dwell,tempo2,25,0.0,1.0,6.68
SCA3-8,dwell,tempo1,25,0.0,1.0,16.0
SCA3-8,dwell,tempo_flat,25,0.0,1.0,15.0
SCA3-8,dwell,cusum_cal,25,0.0,1.0,15.08
SCA3-8,dwell,cusum_match,25,0.0,1.0,40.72
SCA3-8,dwell,ph_cal,25,0.0,1.0,24.0
SCA3-8,dwell,ph_match,25,0.0,0.8,54.05
SCA3-8,dwell,bonferroni,25,0.0,1.0,10.8
SCA3-8,dwell,periodic,25,0.0,1.0,29.72
SCA3-8,breakdown,tempo2,25,0.0,0.76,32.36842105263158
SCA3-8,breakdown,tempo1,25,0.0,0.76,32.36842105263158
SCA3-8,breakdown,tempo_flat,25,0.0,0.76,32.36842105263158
SCA3-8,breakdown,cusum_cal,25,0.0,0.76,32.36842105263158
SCA3-8,breakdown,cusum_match,25,0.0,0.76,32.36842105263158
SCA3-8,breakdown,ph_cal,25,0.0,0.76,32.36842105263158
SCA3-8,breakdown,ph_match,25,0.0,0.76,32.36842105263158
SCA3-8,breakdown,bonferroni,25,0.0,0.76,32.36842105263158
SCA3-8,breakdown,periodic,25,0.0,1.0,26.08
SCA3-9,none,tempo2,25,0.0,,
SCA3-9,none,tempo1,25,0.04,,
SCA3-9,none,tempo_flat,25,0.04,,
SCA3-9,none,cusum_cal,25,0.16,,
SCA3-9,none,cusum_match,25,0.0,,
SCA3-9,none,ph_cal,25,0.04,,
SCA3-9,none,ph_match,25,0.0,,
SCA3-9,none,bonferroni,25,0.12,,
SCA3-9,none,periodic,25,1.0,,
SCA3-9,traffic,tempo2,25,0.0,1.0,19.64
SCA3-9,traffic,tempo1,25,0.0,0.48,42.333333333333336
SCA3-9,traffic,tempo_flat,25,0.0,0.52,33.23076923076923
SCA3-9,traffic,cusum_cal,25,0.0,1.0,20.6
SCA3-9,traffic,cusum_match,25,0.0,1.0,39.28
SCA3-9,traffic,ph_cal,25,0.0,0.68,40.05882352941177
SCA3-9,traffic,ph_match,25,0.0,0.48,46.666666666666664
SCA3-9,traffic,bonferroni,25,0.0,1.0,24.4
SCA3-9,traffic,periodic,25,0.0,1.0,34.0
SCA3-9,demand,tempo2,25,0.0,0.64,43.375
SCA3-9,demand,tempo1,25,0.0,0.04,14.0
SCA3-9,demand,tempo_flat,25,0.0,0.12,22.333333333333332
SCA3-9,demand,cusum_cal,25,0.0,0.8,40.85
SCA3-9,demand,cusum_match,25,0.0,0.12,41.333333333333336
SCA3-9,demand,ph_cal,25,0.0,0.32,33.125
SCA3-9,demand,ph_match,25,0.0,0.2,38.4
SCA3-9,demand,bonferroni,25,0.0,0.84,41.61904761904762
SCA3-9,demand,periodic,25,0.0,1.0,30.32
SCA3-9,accident,tempo2,25,0.0,0.56,39.714285714285715
SCA3-9,accident,tempo1,25,0.0,0.6,34.266666666666666
SCA3-9,accident,tempo_flat,25,0.0,0.48,34.833333333333336
SCA3-9,accident,cusum_cal,25,0.0,0.88,30.045454545454547
SCA3-9,accident,cusum_match,25,0.0,0.72,35.611111111111114
SCA3-9,accident,ph_cal,25,0.0,0.8,37.15
SCA3-9,accident,ph_match,25,0.0,0.6,42.06666666666667
SCA3-9,accident,bonferroni,25,0.0,0.76,35.526315789473685
SCA3-9,accident,periodic,25,0.0,1.0,32.52
SCA3-9,dwell,tempo2,25,0.0,1.0,7.64
SCA3-9,dwell,tempo1,25,0.0,1.0,16.68
SCA3-9,dwell,tempo_flat,25,0.0,1.0,16.44
SCA3-9,dwell,cusum_cal,25,0.0,1.0,9.68
SCA3-9,dwell,cusum_match,25,0.0,1.0,19.8
SCA3-9,dwell,ph_cal,25,0.0,1.0,21.84
SCA3-9,dwell,ph_match,25,0.0,0.96,30.125
SCA3-9,dwell,bonferroni,25,0.0,1.0,11.6
SCA3-9,dwell,periodic,25,0.0,1.0,30.0
SCA3-9,breakdown,tempo2,25,0.0,0.8,27.0
SCA3-9,breakdown,tempo1,25,0.0,0.8,27.0
SCA3-9,breakdown,tempo_flat,25,0.0,0.8,27.0
SCA3-9,breakdown,cusum_cal,25,0.0,0.8,26.2
SCA3-9,breakdown,cusum_match,25,0.0,0.8,27.0
SCA3-9,breakdown,ph_cal,25,0.0,0.8,27.0
SCA3-9,breakdown,ph_match,25,0.0,0.8,27.0
SCA3-9,breakdown,bonferroni,25,0.0,0.8,26.85
SCA3-9,breakdown,periodic,25,0.0,1.0,23.84
SCA8-0,none,tempo2,25,0.0,,
SCA8-0,none,tempo1,25,0.0,,
SCA8-0,none,tempo_flat,25,0.0,,
SCA8-0,none,cusum_cal,25,0.04,,
SCA8-0,none,cusum_match,25,0.0,,
SCA8-0,none,ph_cal,25,0.0,,
SCA8-0,none,ph_match,25,0.0,,
SCA8-0,none,bonferroni,25,0.04,,
SCA8-0,none,periodic,25,1.0,,
SCA8-0,traffic,tempo2,25,0.0,0.84,19.80952380952381
SCA8-0,traffic,tempo1,25,0.0,0.16,19.0
SCA8-0,traffic,tempo_flat,25,0.0,0.24,24.5
SCA8-0,traffic,cusum_cal,25,0.0,0.96,18.625
SCA8-0,traffic,cusum_match,25,0.0,0.72,26.944444444444443
SCA8-0,traffic,ph_cal,25,0.0,0.56,19.214285714285715
SCA8-0,traffic,ph_match,25,0.0,0.36,21.444444444444443
SCA8-0,traffic,bonferroni,25,0.0,0.96,23.166666666666668
SCA8-0,traffic,periodic,25,0.0,1.0,34.0
SCA8-0,demand,tempo2,25,0.04,0.16,33.75
SCA8-0,demand,tempo1,25,0.04,0.0,
SCA8-0,demand,tempo_flat,25,0.04,0.0,
SCA8-0,demand,cusum_cal,25,0.04,0.2,29.6
SCA8-0,demand,cusum_match,25,0.04,0.04,35.0
SCA8-0,demand,ph_cal,25,0.04,0.12,33.666666666666664
SCA8-0,demand,ph_match,25,0.04,0.0,
SCA8-0,demand,bonferroni,25,0.04,0.24,26.0
SCA8-0,demand,periodic,25,0.04,0.96,36.0
SCA8-0,accident,tempo2,25,0.0,0.24,21.0
SCA8-0,accident,tempo1,25,0.0,0.4,19.6
SCA8-0,accident,tempo_flat,25,0.0,0.28,16.857142857142858
SCA8-0,accident,cusum_cal,25,0.0,0.84,17.857142857142858
SCA8-0,accident,cusum_match,25,0.0,0.6,17.333333333333332
SCA8-0,accident,ph_cal,25,0.0,0.64,17.8125
SCA8-0,accident,ph_match,25,0.0,0.44,16.818181818181817
SCA8-0,accident,bonferroni,25,0.0,0.6,20.866666666666667
SCA8-0,accident,periodic,25,0.0,1.0,32.64
SCA8-0,dwell,tempo2,25,0.04,0.96,8.333333333333334
SCA8-0,dwell,tempo1,25,0.04,0.92,18.391304347826086
SCA8-0,dwell,tempo_flat,25,0.04,0.92,17.565217391304348
SCA8-0,dwell,cusum_cal,25,0.0,1.0,10.0
SCA8-0,dwell,cusum_match,25,0.0,1.0,16.2
SCA8-0,dwell,ph_cal,25,0.0,1.0,15.64
SCA8-0,dwell,ph_match,25,0.0,0.92,18.652173913043477
SCA8-0,dwell,bonferroni,25,0.0,1.0,15.0
SCA8-0,dwell,periodic,25,0.0,1.0,35.0
SCA8-0,breakdown,tempo2,25,0.0,0.56,12.5
SCA8-0,breakdown,tempo1,25,0.0,0.56,12.5
SCA8-0,breakdown,tempo_flat,25,0.0,0.56,12.5
SCA8-0,breakdown,cusum_cal,25,0.0,0.56,12.5
SCA8-0,breakdown,cusum_match,25,0.0,0.56,12.5
SCA8-0,breakdown,ph_cal,25,0.0,0.56,12.5
SCA8-0,breakdown,ph_match,25,0.0,0.56,12.5
SCA8-0,breakdown,bonferroni,25,0.0,0.56,12.5
SCA8-0,breakdown,periodic,25,0.0,1.0,21.08
SCA8-1,none,tempo2,25,0.08,,
SCA8-1,none,tempo1,25,0.0,,
SCA8-1,none,tempo_flat,25,0.0,,
SCA8-1,none,cusum_cal,25,0.0,,
SCA8-1,none,cusum_match,25,0.0,,
SCA8-1,none,ph_cal,25,0.0,,
SCA8-1,none,ph_match,25,0.0,,
SCA8-1,none,bonferroni,25,0.12,,
SCA8-1,none,periodic,25,1.0,,
SCA8-1,traffic,tempo2,25,0.0,1.0,16.88
SCA8-1,traffic,tempo1,25,0.0,0.28,28.142857142857142
SCA8-1,traffic,tempo_flat,25,0.0,0.52,22.0
SCA8-1,traffic,cusum_cal,25,0.0,1.0,20.4
SCA8-1,traffic,cusum_match,25,0.0,0.92,25.434782608695652
SCA8-1,traffic,ph_cal,25,0.0,0.64,24.3125
SCA8-1,traffic,ph_match,25,0.0,0.56,27.785714285714285
SCA8-1,traffic,bonferroni,25,0.0,1.0,21.2
SCA8-1,traffic,periodic,25,0.0,1.0,34.0
SCA8-1,demand,tempo2,25,0.0,0.2,31.0
SCA8-1,demand,tempo1,25,0.0,0.0,
SCA8-1,demand,tempo_flat,25,0.0,0.0,
SCA8-1,demand,cusum_cal,25,0.0,0.2,32.6
SCA8-1,demand,cusum_match,25,0.0,0.04,40.0
SCA8-1,demand,ph_cal,25,0.0,0.0,
SCA8-1,demand,ph_match,25,0.0,0.0,
SCA8-1,demand,bonferroni,25,0.0,0.48,22.666666666666668
SCA8-1,demand,periodic,25,0.0,1.0,34.6
SCA8-1,accident,tempo2,25,0.04,0.24,27.0
SCA8-1,accident,tempo1,25,0.04,0.32,16.125
SCA8-1,accident,tempo_flat,25,0.04,0.24,23.333333333333332
SCA8-1,accident,cusum_cal,25,0.04,0.8,22.0
SCA8-1,accident,cusum_match,25,0.04,0.56,25.0
SCA8-1,accident,ph_cal,25,0.04,0.44,19.0
SCA8-1,accident,ph_match,25,0.04,0.44,25.90909090909091
SCA8-1,accident,bonferroni,25,0.04,0.56,23.0
SCA8-1,accident,periodic,25,0.04,0.96,33.0
SCA8-1,dwell,tempo2,25,0.0,1.0,9.0
SCA8-1,dwell,tempo1,25,0.0,0.96,15.791666666666666
SCA8-1,dwell,tempo_flat,25,0.0,1.0,14.68
SCA8-1,dwell,cusum_cal,25,0.0,1.0,12.4
SCA8-1,dwell,cusum_match,25,0.0,1.0,14.6
SCA8-1,dwell,ph_cal,25,0.0,1.0,15.8
SCA8-1,dwell,ph_match,25,0.0,1.0,21.4
SCA8-1,dwell,bonferroni,25,0.0,1.0,14.2
SCA8-1,dwell,periodic,25,0.0,1.0,34.2
SCA8-1,breakdown,tempo2,25,0.0,0.72,12.777777777777779
SCA8-1,breakdown,tempo1,25,0.0,0.72,12.777777777777779
SCA8-1,breakdown,tempo_flat,25,0.0,0.72,12.777777777777779
SCA8-1,breakdown,cusum_cal,25,0.0,0.76,13.894736842105264
SCA8-1,breakdown,cusum_match,25,0.0,0.72,12.777777777777779
SCA8-1,breakdown,ph_cal,25,0.0,0.72,12.777777777777779
SCA8-1,breakdown,ph_match,25,0.0,0.72,12.777777777777779
SCA8-1,breakdown,bonferroni,25,0.0,0.72,12.777777777777779
SCA8-1,breakdown,periodic,25,0.0,1.0,17.92
SCA8-2,none,tempo2,25,0.0,,
SCA8-2,none,tempo1,25,0.0,,
SCA8-2,none,tempo_flat,25,0.0,,
SCA8-2,none,cusum_cal,25,0.04,,
SCA8-2,none,cusum_match,25,0.0,,
SCA8-2,none,ph_cal,25,0.04,,
SCA8-2,none,ph_match,25,0.0,,
SCA8-2,none,bonferroni,25,0.0,,
SCA8-2,none,periodic,25,0.0,,
SCA8-2,traffic,tempo2,25,0.0,0.68,14.823529411764707
SCA8-2,traffic,tempo1,25,0.0,0.12,19.0
SCA8-2,traffic,tempo_flat,25,0.0,0.16,14.25
SCA8-2,traffic,cusum_cal,25,0.0,0.8,16.35
SCA8-2,traffic,cusum_match,25,0.0,0.04,12.0
SCA8-2,traffic,ph_cal,25,0.0,0.44,17.09090909090909
SCA8-2,traffic,ph_match,25,0.0,0.04,12.0
SCA8-2,traffic,bonferroni,25,0.0,0.56,13.857142857142858
SCA8-2,traffic,periodic,25,0.0,0.04,12.0
SCA8-2,demand,tempo2,25,0.0,0.16,9.75
SCA8-2,demand,tempo1,25,0.0,0.04,9.0
SCA8-2,demand,tempo_flat,25,0.0,0.08,19.5
SCA8-2,demand,cusum_cal,25,0.0,0.32,18.375
SCA8-2,demand,cusum_match,25,0.0,0.04,9.0
SCA8-2,demand,ph_cal,25,0.0,0.24,21.666666666666668
SCA8-2,demand,ph_match,25,0.0,0.04,9.0
SCA8-2,demand,bonferroni,25,0.0,0.16,14.25
SCA8-2,demand,periodic,25,0.0,0.04,9.0
SCA8-2,accident,tempo2,25,0.0,0.28,14.0
SCA8-2,accident,tempo1,25,0.0,0.36,10.222222222222221
SCA8-2,accident,tempo_flat,25,0.0,0.36,10.777777777777779
SCA8-2,accident,cusum_cal,25,0.0,0.64,13.0625
SCA8-2,accident,cusum_match,25,0.0,0.16,16.5
SCA8-2,accident,ph_cal,25,0.0,0.56,11.857142857142858
SCA8-2,accident,ph_match,25,0.0,0.12,17.0
SCA8-2,accident,bonferroni,25,0.0,0.4,13.0
SCA8-2,accident,periodic,25,0.0,0.04,16.0
SCA8-2,dwell,tempo2,25,0.0,1.0,7.04
SCA8-2,dwell,tempo1,25,0.04,0.84,14.142857142857142
SCA8-2,dwell,tempo_flat,25,0.04,0.92,15.043478260869565
SCA8-2,dwell,cusum_cal,25,0.0,1.0,7.68
SCA8-2,dwell,cusum_match,25,0.0,0.76,22.894736842105264
SCA8-2,dwell,ph_cal,25,0.0,0.96,15.166666666666666
SCA8-2,dwell,ph_match,25,0.0,0.28,22.285714285714285
SCA8-2,dwell,bonferroni,25,0.0,1.0,14.8
SCA8-2,dwell,periodic,25,0.0,0.0,
SCA8-2,breakdown,tempo2,25,0.0,0.56,10.714285714285714
SCA8-2,breakdown,tempo1,25,0.0,0.56,10.714285714285714
SCA8-2,breakdown,tempo_flat,25,0.0,0.56,10.714285714285714
SCA8-2,breakdown,cusum_cal,25,0.0,0.56,10.714285714285714
SCA8-2,breakdown,cusum_match,25,0.0,0.56,10.714285714285714
SCA8-2,breakdown,ph_cal,25,0.0,0.56,10.714285714285714
SCA8-2,breakdown,ph_match,25,0.0,0.56,10.714285714285714
SCA8-2,breakdown,bonferroni,25,0.0,0.56,10.714285714285714
SCA8-2,breakdown,periodic,25,0.0,0.56,10.714285714285714
SCA8-3,none,tempo2,25,0.0,,
SCA8-3,none,tempo1,25,0.04,,
SCA8-3,none,tempo_flat,25,0.0,,
SCA8-3,none,cusum_cal,25,0.12,,
SCA8-3,none,cusum_match,25,0.08,,
SCA8-3,none,ph_cal,25,0.08,,
SCA8-3,none,ph_match,25,0.04,,
SCA8-3,none,bonferroni,25,0.08,,
SCA8-3,none,periodic,25,1.0,,
SCA8-3,traffic,tempo2,25,0.0,0.92,19.17391304347826
SCA8-3,traffic,tempo1,25,0.0,0.04,12.0
SCA8-3,traffic,tempo_flat,25,0.0,0.24,19.5
SCA8-3,traffic,cusum_cal,25,0.0,1.0,19.88
SCA8-3,traffic,cusum_match,25,0.0,0.92,22.91304347826087
SCA8-3,traffic,ph_cal,25,0.0,0.44,19.272727272727273
SCA8-3,traffic,ph_match,25,0.0,0.36,22.88888888888889
SCA8-3,traffic,bonferroni,25,0.0,0.96,23.916666666666668
SCA8-3,traffic,periodic,25,0.0,1.0,33.12
SCA8-3,demand,tempo2,25,0.0,0.28,26.428571428571427
SCA8-3,demand,tempo1,25,0.0,0.0,
SCA8-3,demand,tempo_flat,25,0.0,0.04,30.0
SCA8-3,demand,cusum_cal,25,0.0,0.48,27.5
SCA8-3,demand,cusum_match,25,0.0,0.2,27.0
SCA8-3,demand,ph_cal,25,0.0,0.12,15.333333333333334
SCA8-3,demand,ph_match,25,0.0,0.08,17.5
SCA8-3,demand,bonferroni,25,0.0,0.44,25.09090909090909
SCA8-3,demand,periodic,25,0.0,1.0,32.8
SCA8-3,accident,tempo2,25,0.0,0.2,18.0
SCA8-3,accident,tempo1,25,0.0,0.32,15.625
SCA8-3,accident,tempo_flat,25,0.0,0.24,6.333333333333333
SCA8-3,accident,cusum_cal,25,0.0,0.68,14.411764705882353
SCA8-3,accident,cusum_match,25,0.0,0.48,17.5
SCA8-3,accident,ph_cal,25,0.0,0.48,17.833333333333332
SCA8-3,accident,ph_match,25,0.0,0.32,22.0
SCA8-3,accident,bonferroni,25,0.0,0.6,19.666666666666668
SCA8-3,accident,periodic,25,0.0,1.0,33.0
SCA8-3,dwell,tempo2,25,0.0,1.0,7.04
SCA8-3,dwell,tempo1,25,0.0,0.88,13.954545454545455
SCA8-3,dwell,tempo_flat,25,0.0,0.88,13.181818181818182
SCA8-3,dwell,cusum_cal,25,0.0,1.0,9.0
SCA8-3,dwell,cusum_match,25,0.0,1.0,11.8
SCA8-3,dwell,ph_cal,25,0.0,0.88,12.409090909090908
SCA8-3,dwell,ph_match,25,0.0,0.88,14.409090909090908
SCA8-3,dwell,bonferroni,25,0.0,1.0,13.4
SCA8-3,dwell,periodic,25,0.0,1.0,32.6
SCA8-3,breakdown,tempo2,25,0.0,0.64,15.0
SCA8-3,breakdown,tempo1,25,0.0,0.64,15.0
SCA8-3,breakdown,tempo_flat,25,0.0,0.64,15.0
SCA8-3,breakdown,cusum_cal,25,0.0,0.64,14.0
SCA8-3,breakdown,cusum_match,25,0.0,0.64,14.0
SCA8-3,breakdown,ph_cal,25,0.0,0.68,15.176470588235293
SCA8-3,breakdown,ph_match,25,0.0,0.68,16.11764705882353
SCA8-3,breakdown,bonferroni,25,0.0,0.64,14.8125
SCA8-3,breakdown,periodic,25,0.0,1.0,20.76
SCA8-4,none,tempo2,25,0.0,,
SCA8-4,none,tempo1,25,0.0,,
SCA8-4,none,tempo_flat,25,0.0,,
SCA8-4,none,cusum_cal,25,0.04,,
SCA8-4,none,cusum_match,25,0.0,,
SCA8-4,none,ph_cal,25,0.12,,
SCA8-4,none,ph_match,25,0.04,,
SCA8-4,none,bonferroni,25,0.0,,
SCA8-4,none,periodic,25,0.0,,
SCA8-4,traffic,tempo2,25,0.0,0.76,14.368421052631579
SCA8-4,traffic,tempo1,25,0.0,0.04,11.0
SCA8-4,traffic,tempo_flat,25,0.0,0.24,13.333333333333334
SCA8-4,traffic,cusum_cal,25,0.0,1.0,14.4
SCA8-4,traffic,cusum_match,25,0.0,0.84,16.19047619047619
SCA8-4,traffic,ph_cal,25,0.0,0.72,12.333333333333334
SCA8-4,traffic,ph_match,25,0.0,0.6,15.2
SCA8-4,traffic,bonferroni,25,0.0,0.68,14.0
SCA8-4,traffic,periodic,25,0.0,0.0,
SCA8-4,demand,tempo2,25,0.0,0.28,23.571428571428573
SCA8-4,demand,tempo1,25,0.0,0.04,28.0
SCA8-4,demand,tempo_flat,25,0.0,0.08,10.5
SCA8-4,demand,cusum_cal,25,0.0,0.48,21.5
SCA8-4,demand,cusum_match,25,0.0,0.28,25.0
SCA8-4,demand,ph_cal,25,0.0,0.32,15.0
SCA8-4,demand,ph_match,25,0.0,0.2,17.0
SCA8-4,demand,bonferroni,25,0.0,0.32,16.0
SCA8-4,demand,periodic,25,0.0,0.0,
SCA8-4,accident,tempo2,25,0.0,0.32,18.625
SCA8-4,accident,tempo1,25,0.0,0.4,15.7
SCA8-4,accident,tempo_flat,25,0.0,0.32,16.875
SCA8-4,accident,cusum_cal,25,0.0,0.8,14.5
SCA8-4,accident,cusum_match,25,0.0,0.72,16.666666666666668
SCA8-4,accident,ph_cal,25,0.0,0.64,16.3125
SCA8-4,accident,ph_match,25,0.0,0.44,15.454545454545455
SCA8-4,accident,bonferroni,25,0.0,0.28,13.0
SCA8-4,accident,periodic,25,0.0,0.0,
SCA8-4,dwell,tempo2,25,0.04,0.96,6.916666666666667
SCA8-4,dwell,tempo1,25,0.04,0.72,13.777777777777779
SCA8-4,dwell,tempo_flat,25,0.04,0.84,15.476190476190476
SCA8-4,dwell,cusum_cal,25,0.04,0.96,7.291666666666667
SCA8-4,dwell,cusum_match,25,0.04,0.96,9.375
SCA8-4,dwell,ph_cal,25,0.04,0.96,11.25
SCA8-4,dwell,ph_match,25,0.04,0.92,13.869565217391305
SCA8-4,dwell,bonferroni,25,0.04,0.96,14.375
SCA8-4,dwell,periodic,25,0.04,0.0,
SCA8-4,breakdown,tempo2,25,0.0,0.36,10.555555555555555
SCA8-4,breakdown,tempo1,25,0.0,0.36,10.555555555555555
SCA8-4,breakdown,tempo_flat,25,0.0,0.36,10.555555555555555
SCA8-4,breakdown,cusum_cal,25,0.0,0.36,10.555555555555555
SCA8-4,breakdown,cusum_match,25,0.0,0.36,10.555555555555555
SCA8-4,breakdown,ph_cal,25,0.0,0.36,10.555555555555555
SCA8-4,breakdown,ph_match,25,0.0,0.36,10.555555555555555
SCA8-4,breakdown,bonferroni,25,0.0,0.36,10.555555555555555
SCA8-4,breakdown,periodic,25,0.0,0.36,10.555555555555555
SCA8-5,none,tempo2,25,0.0,,
SCA8-5,none,tempo1,25,0.0,,
SCA8-5,none,tempo_flat,25,0.0,,
SCA8-5,none,cusum_cal,25,0.0,,
SCA8-5,none,cusum_match,25,0.0,,
SCA8-5,none,ph_cal,25,0.0,,
SCA8-5,none,ph_match,25,0.0,,
SCA8-5,none,bonferroni,25,0.04,,
SCA8-5,none,periodic,25,1.0,,
SCA8-5,traffic,tempo2,25,0.0,0.92,18.26086956521739
SCA8-5,traffic,tempo1,25,0.0,0.2,25.6
SCA8-5,traffic,tempo_flat,25,0.0,0.36,23.77777777777778
SCA8-5,traffic,cusum_cal,25,0.0,1.0,16.4
SCA8-5,traffic,cusum_match,25,0.0,0.96,20.833333333333332
SCA8-5,traffic,ph_cal,25,0.0,0.6,26.066666666666666
SCA8-5,traffic,ph_match,25,0.0,0.48,27.5
SCA8-5,traffic,bonferroni,25,0.0,0.96,24.0
SCA8-5,traffic,periodic,25,0.0,1.0,34.0
SCA8-5,demand,tempo2,25,0.0,0.32,24.0
SCA8-5,demand,tempo1,25,0.0,0.0,
SCA8-5,demand,tempo_flat,25,0.0,0.04,27.0
SCA8-5,demand,cusum_cal,25,0.0,0.56,27.857142857142858
SCA8-5,demand,cusum_match,25,0.0,0.32,31.875
SCA8-5,demand,ph_cal,25,0.0,0.16,31.0
SCA8-5,demand,ph_match,25,0.0,0.08,31.0
SCA8-5,demand,bonferroni,25,0.0,0.52,22.923076923076923
SCA8-5,demand,periodic,25,0.0,1.0,34.4
SCA8-5,accident,tempo2,25,0.0,0.32,11.125
SCA8-5,accident,tempo1,25,0.0,0.36,9.333333333333334
SCA8-5,accident,tempo_flat,25,0.0,0.28,4.428571428571429
SCA8-5,accident,cusum_cal,25,0.0,0.84,10.476190476190476
SCA8-5,accident,cusum_match,25,0.0,0.76,14.473684210526315
SCA8-5,accident,ph_cal,25,0.0,0.56,14.428571428571429
SCA8-5,accident,ph_match,25,0.0,0.44,16.545454545454547
SCA8-5,accident,bonferroni,25,0.0,0.84,17.761904761904763
SCA8-5,accident,periodic,25,0.0,1.0,33.0
SCA8-5,dwell,tempo2,25,0.0,1.0,8.08
SCA8-5,dwell,tempo1,25,0.0,0.88,18.045454545454547
SCA8-5,dwell,tempo_flat,25,0.0,0.96,16.666666666666668
SCA8-5,dwell,cusum_cal,25,0.0,1.0,8.4
SCA8-5,dwell,cusum_match,25,0.0,1.0,11.2
SCA8-5,dwell,ph_cal,25,0.0,1.0,17.84
SCA8-5,dwell,ph_match,25,0.0,0.96,21.416666666666668
SCA8-5,dwell,bonferroni,25,0.0,1.0,13.4
SCA8-5,dwell,periodic,25,0.0,1.0,32.6
SCA8-5,breakdown,tempo2,25,0.0,0.52,13.846153846153847
SCA8-5,breakdown,tempo1,25,0.0,0.52,11.846153846153847
SCA8-5,breakdown,tempo_flat,25,0.0,0.52,11.846153846153847
SCA8-5,breakdown,cusum_cal,25,0.0,0.56,12.0
SCA8-5,breakdown,cusum_match,25,0.0,0.52,11.846153846153847
SCA8-5,breakdown,ph_cal,25,0.0,0.56,13.857142857142858
SCA8-5,breakdown,ph_match,25,0.0,0.56,13.857142857142858
SCA8-5,breakdown,bonferroni,25,0.0,0.56,12.428571428571429
SCA8-5,breakdown,periodic,25,0.0,1.0,22.44
SCA8-6,none,tempo2,25,0.0,,
SCA8-6,none,tempo1,25,0.0,,
SCA8-6,none,tempo_flat,25,0.0,,
SCA8-6,none,cusum_cal,25,0.08,,
SCA8-6,none,cusum_match,25,0.0,,
SCA8-6,none,ph_cal,25,0.0,,
SCA8-6,none,ph_match,25,0.0,,
SCA8-6,none,bonferroni,25,0.04,,
SCA8-6,none,periodic,25,1.0,,
SCA8-6,traffic,tempo2,25,0.0,0.96,19.916666666666668
SCA8-6,traffic,tempo1,25,0.0,0.12,21.666666666666668
SCA8-6,traffic,tempo_flat,25,0.0,0.2,23.8
SCA8-6,traffic,cusum_cal,25,0.0,1.0,15.64
SCA8-6,traffic,cusum_match,25,0.0,0.0,
SCA8-6,traffic,ph_cal,25,0.0,0.32,23.625
SCA8-6,traffic,ph_match,25,0.0,0.0,
SCA8-6,traffic,bonferroni,25,0.0,0.96,23.166666666666668
SCA8-6,traffic,periodic,25,0.0,1.0,34.0
SCA8-6,demand,tempo2,25,0.0,0.4,32.7
SCA8-6,demand,tempo1,25,0.0,0.0,
SCA8-6,demand,tempo_flat,25,0.0,0.0,
SCA8-6,demand,cusum_cal,25,0.0,0.52,23.307692307692307
SCA8-6,demand,cusum_match,25,0.0,0.0,
SCA8-6,demand,ph_cal,25,0.0,0.12,24.666666666666668
SCA8-6,demand,ph_match,25,0.0,0.0,
SCA8-6,demand,bonferroni,25,0.0,0.4,26.0
SCA8-6,demand,periodic,25,0.0,1.0,32.6
SCA8-6,accident,tempo2,25,0.0,0.48,24.416666666666668
SCA8-6,accident,tempo1,25,0.0,0.6,19.4
SCA8-6,accident,tempo_flat,25,0.0,0.48,16.25
SCA8-6,accident,cusum_cal,25,0.0,0.92,15.043478260869565
SCA8-6,accident,cusum_match,25,0.0,0.12,30.666666666666668
SCA8-6,accident,ph_cal,25,0.0,0.64,20.8125
SCA8-6,accident,ph_match,25,0.0,0.16,33.0
SCA8-6,accident,bonferroni,25,0.0,0.76,20.263157894736842
SCA8-6,accident,periodic,25,0.0,1.0,32.64
SCA8-6,dwell,tempo2,25,0.0,1.0,7.24
SCA8-6,dwell,tempo1,25,0.0,0.84,19.80952380952381
SCA8-6,dwell,tempo_flat,25,0.0,1.0,20.24
SCA8-6,dwell,cusum_cal,25,0.0,1.0,6.68
SCA8-6,dwell,cusum_match,25,0.0,0.72,38.611111111111114
SCA8-6,dwell,ph_cal,25,0.0,1.0,22.16
SCA8-6,dwell,ph_match,25,0.0,0.16,38.0
SCA8-6,dwell,bonferroni,25,0.0,1.0,12.2
SCA8-6,dwell,periodic,25,0.0,1.0,32.2
SCA8-6,breakdown,tempo2,25,0.0,0.6,17.0
SCA8-6,breakdown,tempo1,25,0.0,0.6,17.0
SCA8-6,breakdown,tempo_flat,25,0.0,0.6,17.0
SCA8-6,breakdown,cusum_cal,25,0.0,0.72,18.88888888888889
SCA8-6,breakdown,cusum_match,25,0.0,0.6,17.0
SCA8-6,breakdown,ph_cal,25,0.0,0.6,17.0
SCA8-6,breakdown,ph_match,25,0.0,0.6,17.0
SCA8-6,breakdown,bonferroni,25,0.0,0.64,16.6875
SCA8-6,breakdown,periodic,25,0.0,1.0,22.44
SCA8-7,none,tempo2,25,0.0,,
SCA8-7,none,tempo1,25,0.0,,
SCA8-7,none,tempo_flat,25,0.0,,
SCA8-7,none,cusum_cal,25,0.04,,
SCA8-7,none,cusum_match,25,0.0,,
SCA8-7,none,ph_cal,25,0.04,,
SCA8-7,none,ph_match,25,0.0,,
SCA8-7,none,bonferroni,25,0.04,,
SCA8-7,none,periodic,25,0.0,,
SCA8-7,traffic,tempo2,25,0.0,0.68,15.588235294117647
SCA8-7,traffic,tempo1,25,0.0,0.0,
SCA8-7,traffic,tempo_flat,25,0.0,0.04,20.0
SCA8-7,traffic,cusum_cal,25,0.0,0.84,15.0
SCA8-7,traffic,cusum_match,25,0.0,0.0,
SCA8-7,traffic,ph_cal,25,0.0,0.24,19.5
SCA8-7,traffic,ph_match,25,0.0,0.0,
SCA8-7,traffic,bonferroni,25,0.0,0.52,14.0
SCA8-7,traffic,periodic,25,0.0,0.0,
SCA8-7,demand,tempo2,25,0.0,0.2,19.6
SCA8-7,demand,tempo1,25,0.0,0.0,
SCA8-7,demand,tempo_flat,25,0.0,0.0,
SCA8-7,demand,cusum_cal,25,0.0,0.36,25.0
SCA8-7,demand,cusum_match,25,0.0,0.0,
SCA8-7,demand,ph_cal,25,0.0,0.08,14.0
SCA8-7,demand,ph_match,25,0.0,0.0,
SCA8-7,demand,bonferroni,25,0.0,0.32,16.0
SCA8-7,demand,periodic,25,0.0,0.0,
SCA8-7,accident,tempo2,25,0.0,0.28,16.571428571428573
SCA8-7,accident,tempo1,25,0.0,0.36,12.88888888888889
SCA8-7,accident,tempo_flat,25,0.0,0.2,8.2
SCA8-7,accident,cusum_cal,25,0.0,0.72,10.88888888888889
SCA8-7,accident,cusum_match,25,0.0,0.04,6.0
SCA8-7,accident,ph_cal,25,0.0,0.44,12.545454545454545
SCA8-7,accident,ph_match,25,0.0,0.04,6.0
SCA8-7,accident,bonferroni,25,0.0,0.44,12.363636363636363
SCA8-7,accident,periodic,25,0.0,0.04,6.0
SCA8-7,dwell,tempo2,25,0.0,1.0,7.8
SCA8-7,dwell,tempo1,25,0.0,0.76,14.368421052631579
SCA8-7,dwell,tempo_flat,25,0.0,0.8,14.6
SCA8-7,dwell,cusum_cal,25,0.0,1.0,8.0
SCA8-7,dwell,cusum_match,25,0.0,0.0,
SCA8-7,dwell,ph_cal,25,0.0,0.76,16.05263157894737
SCA8-7,dwell,ph_match,25,0.0,0.04,30.0
SCA8-7,dwell,bonferroni,25,0.0,1.0,15.0
SCA8-7,dwell,periodic,25,0.0,0.0,
SCA8-7,breakdown,tempo2,25,0.0,0.56,8.928571428571429
SCA8-7,breakdown,tempo1,25,0.0,0.56,8.928571428571429
SCA8-7,breakdown,tempo_flat,25,0.0,0.56,8.928571428571429
SCA8-7,breakdown,cusum_cal,25,0.0,0.56,8.071428571428571
SCA8-7,breakdown,cusum_match,25,0.0,0.56,8.928571428571429
SCA8-7,breakdown,ph_cal,25,0.0,0.56,8.928571428571429
SCA8-7,breakdown,ph_match,25,0.0,0.56,8.928571428571429
SCA8-7,breakdown,bonferroni,25,0.0,0.56,8.357142857142858
SCA8-7,breakdown,periodic,25,0.0,0.56,8.928571428571429
SCA8-8,none,tempo2,25,0.04,,
SCA8-8,none,tempo1,25,0.04,,
SCA8-8,none,tempo_flat,25,0.04,,
SCA8-8,none,cusum_cal,25,0.24,,
SCA8-8,none,cusum_match,25,0.12,,
SCA8-8,none,ph_cal,25,0.12,,
SCA8-8,none,ph_match,25,0.08,,
SCA8-8,none,bonferroni,25,0.2,,
SCA8-8,none,periodic,25,1.0,,
SCA8-8,traffic,tempo2,25,0.0,0.92,14.782608695652174
SCA8-8,traffic,tempo1,25,0.0,0.08,26.0
SCA8-8,traffic,tempo_flat,25,0.0,0.28,22.0
SCA8-8,traffic,cusum_cal,25,0.0,0.96,11.708333333333334
SCA8-8,traffic,cusum_match,25,0.0,0.96,15.041666666666666
SCA8-8,traffic,ph_cal,25,0.0,0.64,15.5625
SCA8-8,traffic,ph_match,25,0.0,0.48,17.333333333333332
SCA8-8,traffic,bonferroni,25,0.0,0.96,19.0
SCA8-8,traffic,periodic,25,0.0,1.0,33.52
SCA8-8,demand,tempo2,25,0.0,0.28,20.0
SCA8-8,demand,tempo1,25,0.0,0.04,24.0
SCA8-8,demand,tempo_flat,25,0.0,0.12,22.0
SCA8-8,demand,cusum_cal,25,0.0,0.48,22.833333333333332
SCA8-8,demand,cusum_match,25,0.0,0.28,23.428571428571427
SCA8-8,demand,ph_cal,25,0.0,0.36,20.22222222222222
SCA8-8,demand,ph_match,25,0.0,0.32,20.75
SCA8-8,demand,bonferroni,25,0.0,0.6,28.533333333333335
SCA8-8,demand,periodic,25,0.0,1.0,34.92
SCA8-8,accident,tempo2,25,0.04,0.28,20.0
SCA8-8,accident,tempo1,25,0.04,0.32,15.625
SCA8-8,accident,tempo_flat,25,0.04,0.24,16.333333333333332
SCA8-8,accident,cusum_cal,25,0.04,0.8,11.0
SCA8-8,accident,cusum_match,25,0.04,0.72,12.777777777777779
SCA8-8,accident,ph_cal,25,0.04,0.64,17.375
SCA8-8,accident,ph_match,25,0.04,0.52,18.153846153846153
SCA8-8,accident,bonferroni,25,0.04,0.68,20.058823529411764
SCA8-8,accident,periodic,25,0.04,0.96,33.0
SCA8-8,dwell,tempo2,25,0.0,1.0,6.64
SCA8-8,dwell,tempo1,25,0.0,0.96,17.166666666666668
SCA8-8,dwell,tempo_flat,25,0.0,1.0,15.04
SCA8-8,dwell,cusum_cal,25,0.0,1.0,6.4
SCA8-8,dwell,cusum_match,25,0.0,1.0,9.0
SCA8-8,dwell,ph_cal,25,0.0,0.96,11.583333333333334
SCA8-8,dwell,ph_match,25,0.0,0.88,12.863636363636363
SCA8-8,dwell,bonferroni,25,0.0,1.0,14.8
SCA8-8,dwell,periodic,25,0.0,1.0,34.8
SCA8-8,breakdown,tempo2,25,0.0,0.44,14.545454545454545
SCA8-8,breakdown,tempo1,25,0.0,0.44,14.545454545454545
SCA8-8,breakdown,tempo_flat,25,0.0,0.44,14.545454545454545
SCA8-8,breakdown,cusum_cal,25,0.0,0.48,12.75
SCA8-8,breakdown,cusum_match,25,0.0,0.48,13.166666666666666
SCA8-8,breakdown,ph_cal,25,0.0,0.44,13.909090909090908
SCA8-8,breakdown,ph_match,25,0.0,0.44,14.0
SCA8-8,breakdown,bonferroni,25,0.0,0.48,14.083333333333334
SCA8-8,breakdown,periodic,25,0.0,1.0,24.32
SCA8-9,none,tempo2,25,0.0,,
SCA8-9,none,tempo1,25,0.0,,
SCA8-9,none,tempo_flat,25,0.0,,
SCA8-9,none,cusum_cal,25,0.0,,
SCA8-9,none,cusum_match,25,0.0,,
SCA8-9,none,ph_cal,25,0.0,,
SCA8-9,none,ph_match,25,0.0,,
SCA8-9,none,bonferroni,25,0.0,,
SCA8-9,none,periodic,25,1.0,,
SCA8-9,traffic,tempo2,25,0.04,0.96,19.0
SCA8-9,traffic,tempo1,25,0.04,0.04,1.0
SCA8-9,traffic,tempo_flat,25,0.04,0.2,14.0
SCA8-9,traffic,cusum_cal,25,0.04,0.88,21.59090909090909
SCA8-9,traffic,cusum_match,25,0.04,0.0,
SCA8-9,traffic,ph_cal,25,0.04,0.44,16.90909090909091
SCA8-9,traffic,ph_match,25,0.04,0.0,
SCA8-9,traffic,bonferroni,25,0.04,0.96,24.0
SCA8-9,traffic,periodic,25,0.04,0.96,34.0
SCA8-9,demand,tempo2,25,0.0,0.32,24.75
SCA8-9,demand,tempo1,25,0.0,0.0,
SCA8-9,demand,tempo_flat,25,0.0,0.08,4.5
SCA8-9,demand,cusum_cal,25,0.0,0.2,29.0
SCA8-9,demand,cusum_match,25,0.0,0.0,
SCA8-9,demand,ph_cal,25,0.0,0.12,19.666666666666668
SCA8-9,demand,ph_match,25,0.0,0.0,
SCA8-9,demand,bonferroni,25,0.0,0.68,28.941176470588236
SCA8-9,demand,periodic,25,0.0,1.0,35.8
SCA8-9,accident,tempo2,25,0.04,0.44,18.272727272727273
SCA8-9,accident,tempo1,25,0.04,0.4,13.1
SCA8-9,accident,tempo_flat,25,0.04,0.44,18.727272727272727
SCA8-9,accident,cusum_cal,25,0.04,0.68,15.058823529411764
SCA8-9,accident,cusum_match,25,0.04,0.12,12.0
SCA8-9,accident,ph_cal,25,0.04,0.56,11.642857142857142
SCA8-9,accident,ph_match,25,0.04,0.12,15.333333333333334
SCA8-9,accident,bonferroni,25,0.04,0.68,18.176470588235293
SCA8-9,accident,periodic,25,0.04,0.96,31.666666666666668
SCA8-9,dwell,tempo2,25,0.0,1.0,7.12
SCA8-9,dwell,tempo1,25,0.0,0.76,13.0
SCA8-9,dwell,tempo_flat,25,0.0,0.88,13.0
SCA8-9,dwell,cusum_cal,25,0.0,1.0,13.12
SCA8-9,dwell,cusum_match,25,0.0,0.32,31.625
SCA8-9,dwell,ph_cal,25,0.0,0.84,12.142857142857142
SCA8-9,dwell,ph_match,25,0.0,0.16,25.0
SCA8-9,dwell,bonferroni,25,0.0,1.0,14.52
SCA8-9,dwell,periodic,25,0.0,1.0,33.72
SCA8-9,breakdown,tempo2,25,0.0,0.4,15.0
SCA8-9,breakdown,tempo1,25,0.0,0.4,15.0
SCA8-9,breakdown,tempo_flat,25,0.0,0.4,15.0
SCA8-9,breakdown,cusum_cal,25,0.0,0.4,15.0
SCA8-9,breakdown,cusum_match,25,0.0,0.4,15.0
SCA8-9,breakdown,ph_cal,25,0.0,0.44,14.909090909090908
SCA8-9,breakdown,ph_match,25,0.0,0.4,15.0
SCA8-9,breakdown,bonferroni,25,0.0,0.4,15.0
SCA8-9,breakdown,periodic,25,0.0,1.0,25.2
